type,study,dataset,variable,instrument,question,url,url_text
dataset,soep-core,biobirth,,,,https://www.diw.de/documents/publikationen/73/diw_01.c.850565.de/diw_ssp1191.pdf,Codebook (PDF)
dataset,soep-core,bioimmig,,,,https://www.diw.de/documents/publikationen/73/diw_01.c.850340.de/diw_ssp1176.pdf,Codebook (PDF)
dataset,soep-core,biojob,,,,https://www.diw.de/documents/publikationen/73/diw_01.c.794001.de/diw_ssp0874.pdf,Codebook (PDF)
dataset,soep-core,bioparen,,,,https://www.diw.de/documents/publikationen/73/diw_01.c.850342.de/diw_ssp1177.pdf,Codebook (PDF)
dataset,soep-core,biosib,,,,https://www.diw.de/documents/publikationen/73/diw_01.c.850359.de/diw_ssp1178.pdf,Codebook (PDF)
dataset,soep-core,cogdj,,,,https://www.diw.de/documents/publikationen/73/diw_01.c.850361.de/diw_ssp1179.pdf,Codebook (PDF)
dataset,soep-core,hbrutto,,,,https://www.diw.de/documents/publikationen/73/diw_01.c.850363.de/diw_ssp1180.pdf,Codebook (PDF)
dataset,soep-core,health,,,,https://www.diw.de/documents/publikationen/73/diw_01.c.850387.de/diw_ssp1181.pdf,Codebook (PDF)
dataset,soep-core,hgen,,,,https://www.diw.de/documents/publikationen/73/diw_01.c.850391.de/diw_ssp1182.pdf,Codebook (PDF)
dataset,soep-core,hpathl,,,,https://www.diw.de/documents/publikationen/73/diw_01.c.850475.de/diw_ssp1183.pdf,Codebook (PDF)
dataset,soep-core,interviewer,,,,https://www.diw.de/documents/publikationen/73/diw_01.c.850500.de/diw_ssp1184.pdf,Codebook (PDF)
dataset,soep-core,microm,,,,https://www.diw.de/documents/publikationen/73/diw_01.c.570730.de/diw_ssp0233.pdf,Codebook (PDF)
dataset,soep-core,pbrutto,,,,https://www.diw.de/documents/publikationen/73/diw_01.c.850502.de/diw_ssp1185.pdf,Codebook (PDF)
dataset,soep-core,pequiv,,,,https://www.diw.de/documents/publikationen/73/diw_01.c.704530.de/diw_ssp0772.pdf,Codebook (PDF)
dataset,soep-core,pgen,,,,https://www.diw.de/documents/publikationen/73/diw_01.c.850555.de/diw_ssp1186.pdf,Codebook (PDF)
dataset,soep-core,ppathl,,,,https://www.diw.de/documents/publikationen/73/diw_01.c.850563.de/diw_ssp1187.pdf,Codebook (PDF)
dataset,soep-core,D-File,,,,https://www.diw.de/documents/publikationen/73/diw_01.c.876614.de/diw_ssp1260.pdf,Codebook (PDF)
dataset,soep-core,H-File,,,,https://www.diw.de/documents/publikationen/73/diw_01.c.876614.de/diw_ssp1260.pdf,Codebook (PDF)
dataset,soep-core,P-File,,,,https://www.diw.de/documents/publikationen/73/diw_01.c.876614.de/diw_ssp1260.pdf,Codebook (PDF)
dataset,soep-core,R-File,,,,https://www.diw.de/documents/publikationen/73/diw_01.c.876614.de/diw_ssp1260.pdf,Codebook (PDF)
instrument,soep-core,,,soep-core-1984-hh,,https://www.diw.de/documents/publikationen/73/diw_01.c.816363.de/diw_ssp0942.pdf,PDF of Field Version/Feldversion (de)
instrument,soep-core,,,soep-core-1984-hh,,https://www.diw.de/documents/publikationen/73/diw_01.c.870753.de/diw_ssp1218.pdf,PDF with Reference to Variables (de)
instrument,soep-core,,,soep-core-1984-hh,,https://www.diw.de/documents/publikationen/73/diw_01.c.870755.de/diw_ssp1219.pdf,PDF with Reference to Variables (en)
instrument,soep-core,,,soep-core-1984-pe,,https://www.diw.de/documents/publikationen/73/diw_01.c.818753.de/diw_ssp0943.pdf,PDF of Field Version/Feldversion (de)
instrument,soep-core,,,soep-core-1984-pe-aus,,https://www.diw.de/documents/publikationen/73/diw_01.c.818755.de/diw_ssp0944.pdf,PDF of Field Version/Feldversion (de)
instrument,soep-core,,,soep-core-1985-hh,,https://www.diw.de/documents/publikationen/73/diw_01.c.818757.de/diw_ssp0945.pdf,PDF of Field Version/Feldversion (de)
instrument,soep-core,,,soep-core-1985-hh,,https://www.diw.de/documents/publikationen/73/diw_01.c.870757.de/diw_ssp1220.pdf,PDF with Reference to Variables (de)
instrument,soep-core,,,soep-core-1985-hh,,https://www.diw.de/documents/publikationen/73/diw_01.c.870759.de/diw_ssp1221.pdf,PDF with Reference to Variables (en)
instrument,soep-core,,,soep-core-1985-hh-n,,https://www.diw.de/documents/publikationen/73/diw_01.c.870761.de/diw_ssp1222.pdf,PDF with Reference to Variables (de)
instrument,soep-core,,,soep-core-1985-hh-n,,https://www.diw.de/documents/publikationen/73/diw_01.c.870766.de/diw_ssp1223.pdf,PDF with Reference to Variables (en)
instrument,soep-core,,,soep-core-1985-pe,,https://www.diw.de/documents/publikationen/73/diw_01.c.818759.de/diw_ssp0947.pdf,PDF of Field Version/Feldversion (de)
instrument,soep-core,,,soep-core-1985-pe-aus,,https://www.diw.de/documents/publikationen/73/diw_01.c.818761.de/diw_ssp0949.pdf,PDF of Field Version/Feldversion (de)
instrument,soep-core,,,soep-core-1986-hh,,https://www.diw.de/documents/publikationen/73/diw_01.c.818763.de/diw_ssp0950.pdf,PDF of Field Version/Feldversion (de)
instrument,soep-core,,,soep-core-1986-hh,,https://www.diw.de/documents/publikationen/73/diw_01.c.870763.de/diw_ssp1224.pdf,PDF with Reference to Variables (de)
instrument,soep-core,,,soep-core-1986-hh,,https://www.diw.de/documents/publikationen/73/diw_01.c.870768.de/diw_ssp1225.pdf,PDF with Reference to Variables (en)
instrument,soep-core,,,soep-core-1986-hh-n,,https://www.diw.de/documents/publikationen/73/diw_01.c.870770.de/diw_ssp1226.pdf,PDF with Reference to Variables (de)
instrument,soep-core,,,soep-core-1986-hh-n,,https://www.diw.de/documents/publikationen/73/diw_01.c.871586.de/diw_ssp1227.pdf,PDF with Reference to Variables (en)
instrument,soep-core,,,soep-core-1986-hh-aus,,https://www.diw.de/documents/publikationen/73/diw_01.c.818769.de/diw_ssp0955.pdf,PDF of Field Version/Feldversion (tr)
instrument,soep-core,,,soep-core-1986-pe,,https://www.diw.de/documents/publikationen/73/diw_01.c.818765.de/diw_ssp0952.pdf,PDF of Field Version/Feldversion (de)
instrument,soep-core,,,soep-core-1986-pe-aus,,https://www.diw.de/documents/publikationen/73/diw_01.c.818767.de/diw_ssp0954.pdf,PDF of Field Version/Feldversion (de)
instrument,soep-core,,,soep-core-1987-hh,,https://www.diw.de/documents/publikationen/73/diw_01.c.818771.de/diw_ssp0983.pdf,PDF of Field Version/Feldversion (de)
instrument,soep-core,,,soep-core-1987-hh,,https://www.diw.de/documents/publikationen/73/diw_01.c.871588.de/diw_ssp1228.pdf,PDF with Reference to Variables (de)
instrument,soep-core,,,soep-core-1987-hh,,https://www.diw.de/documents/publikationen/73/diw_01.c.871590.de/diw_ssp1229.pdf,PDF with Reference to Variables (en)
instrument,soep-core,,,soep-core-1987-hh-n,,https://www.diw.de/documents/publikationen/73/diw_01.c.871592.de/diw_ssp1230.pdf,PDF with Reference to Variables (de)
instrument,soep-core,,,soep-core-1987-hh-n,,https://www.diw.de/documents/publikationen/73/diw_01.c.871594.de/diw_ssp1231.pdf,PDF with Reference to Variables (en)
instrument,soep-core,,,soep-core-1987-pe,,https://www.diw.de/documents/publikationen/73/diw_01.c.818795.de/diw_ssp0984.pdf,PDF of Field Version/Feldversion (de)
instrument,soep-core,,,soep-core-1987-pe-aus,,https://www.diw.de/documents/publikationen/73/diw_01.c.570320.de/diw_ssp0080.pdf,PDF of Field Version/Feldversion (de)
instrument,soep-core,,,soep-core-1987-pe-aus-n,,https://www.diw.de/documents/publikationen/73/diw_01.c.570320.de/diw_ssp0080.pdf,PDF of Field Version/Feldversion (de)
instrument,soep-core,,,soep-core-1988-hh,,https://www.diw.de/documents/publikationen/73/diw_01.c.825545.de/diw_ssp1051.pdf,PDF of Field Version/Feldversion (de)
instrument,soep-core,,,soep-core-1988-hh,,https://www.diw.de/documents/publikationen/73/diw_01.c.871596.de/diw_ssp1232.pdf,PDF with Reference to Variables (de)
instrument,soep-core,,,soep-core-1988-hh,,https://www.diw.de/documents/publikationen/73/diw_01.c.871598.de/diw_ssp1233.pdf,PDF with Reference to Variables (en)
instrument,soep-core,,,soep-core-1988-hh-n,,https://www.diw.de/documents/publikationen/73/diw_01.c.570304.de/diw_ssp0081.pdf,PDF of Field Version/Feldversion (de)
instrument,soep-core,,,soep-core-1988-hh-n,,https://www.diw.de/documents/publikationen/73/diw_01.c.871600.de/diw_ssp1234.pdf,PDF with Reference to Variables (de)
instrument,soep-core,,,soep-core-1988-hh-n,,https://www.diw.de/documents/publikationen/73/diw_01.c.871602.de/diw_ssp1235.pdf,PDF with Reference to Variables (en)
instrument,soep-core,,,soep-core-1988-pe,,https://www.diw.de/documents/publikationen/73/diw_01.c.844101.de/diw_ssp1107.pdf,PDF of Field Version/Feldversion (de)
instrument,soep-core,,,soep-core-1988-pe-n,,https://www.diw.de/documents/publikationen/73/diw_01.c.844101.de/diw_ssp1107.pdf,PDF of Field Version/Feldversion (de)
instrument,soep-core,,,soep-core-1988-pe-aus,,https://www.diw.de/documents/publikationen/73/diw_01.c.570304.de/diw_ssp0081.pdf,PDF of Field Version/Feldversion (de)
instrument,soep-core,,,soep-core-1988-pe-aus-n,,https://www.diw.de/documents/publikationen/73/diw_01.c.570304.de/diw_ssp0081.pdf,PDF of Field Version/Feldversion (de)
instrument,soep-core,,,soep-core-1988-so,,https://www.diw.de/documents/publikationen/73/diw_01.c.844103.de/diw_ssp1108.pdf,PDF of Field Version/Feldversion (de)
instrument,soep-core,,,soep-core-1989-hh,,https://www.diw.de/documents/publikationen/73/diw_01.c.844105.de/diw_ssp1109.pdf,PDF of Field Version/Feldversion (de)
instrument,soep-core,,,soep-core-1989-hh,,https://www.diw.de/documents/publikationen/73/diw_01.c.871604.de/diw_ssp1236.pdf,PDF with Reference to Variables (de)
instrument,soep-core,,,soep-core-1989-hh,,https://www.diw.de/documents/publikationen/73/diw_01.c.871735.de/diw_ssp1237.pdf,PDF with Reference to Variables (en)
instrument,soep-core,,,soep-core-1989-hh-n,,https://www.diw.de/documents/publikationen/73/diw_01.c.844105.de/diw_ssp1109.pdf,PDF of Field Version/Feldversion (de)
instrument,soep-core,,,soep-core-1989-hh-n,,https://www.diw.de/documents/publikationen/73/diw_01.c.871737.de/diw_ssp1238.pdf,PDF with Reference to Variables (de)
instrument,soep-core,,,soep-core-1989-hh-n,,https://www.diw.de/documents/publikationen/73/diw_01.c.871739.de/diw_ssp1239.pdf,PDF with Reference to Variables (en)
instrument,soep-core,,,soep-core-1989-pe,,https://www.diw.de/documents/publikationen/73/diw_01.c.844107.de/diw_ssp1110.pdf,PDF of Field Version/Feldversion (de)
instrument,soep-core,,,soep-core-1989-pe-aus,,https://www.diw.de/documents/publikationen/73/diw_01.c.570418.de/diw_ssp0082.pdf,PDF of Field Version/Feldversion (de)
instrument,soep-core,,,soep-core-1989-pe-aus-n,,https://www.diw.de/documents/publikationen/73/diw_01.c.570418.de/diw_ssp0082.pdf,PDF of Field Version/Feldversion (de)
instrument,soep-core,,,soep-core-1989-pe-n,,https://www.diw.de/documents/publikationen/73/diw_01.c.844107.de/diw_ssp1110.pdf,PDF of Field Version/Feldversion (de)
instrument,soep-core,,,soep-core-1989-ll,,https://www.diw.de/documents/publikationen/73/diw_01.c.844109.de/diw_ssp1111.pdf,PDF of Field Version/Feldversion (de)
instrument,soep-core,,,soep-core-1990-hh,,https://www.diw.de/documents/publikationen/73/diw_01.c.570406.de/diw_ssp0083.pdf,PDF of Field Version/Feldversion (de)
instrument,soep-core,,,soep-core-1990-hh,,https://www.diw.de/documents/publikationen/73/diw_01.c.871741.de/diw_ssp1240.pdf,PDF with Reference to Variables (de)
instrument,soep-core,,,soep-core-1990-hh,,https://www.diw.de/documents/publikationen/73/diw_01.c.871743.de/diw_ssp1241.pdf,PDF with Reference to Variables (en)
instrument,soep-core,,,soep-core-1990-hh-n,,https://www.diw.de/documents/publikationen/73/diw_01.c.570406.de/diw_ssp0083.pdf,PDF of Field Version/Feldversion (de)
instrument,soep-core,,,soep-core-1990-hh-n,,https://www.diw.de/documents/publikationen/73/diw_01.c.871745.de/diw_ssp1242.pdf,PDF with Reference to Variables (de)
instrument,soep-core,,,soep-core-1990-hh-n,,https://www.diw.de/documents/publikationen/73/diw_01.c.871747.de/diw_ssp1243.pdf,PDF with Reference to Variables (en)
instrument,soep-core,,,soep-core-1990-hh-o,,https://www.diw.de/documents/publikationen/73/diw_01.c.570388.de/diw_ssp0084.pdf,PDF of Field Version/Feldversion (de)
instrument,soep-core,,,soep-core-1990-hh-o,,https://www.diw.de/documents/publikationen/73/diw_01.c.871749.de/diw_ssp1244.pdf,PDF with Reference to Variables (de)
instrument,soep-core,,,soep-core-1990-hh-o,,https://www.diw.de/documents/publikationen/73/diw_01.c.871751.de/diw_ssp1245.pdf,PDF with Reference to Variables (en)
instrument,soep-core,,,soep-core-1990-pe,,https://www.diw.de/documents/publikationen/73/diw_01.c.570406.de/diw_ssp0083.pdf,PDF of Field Version/Feldversion (de)
instrument,soep-core,,,soep-core-1990-pe-aus,,https://www.diw.de/documents/publikationen/73/diw_01.c.570406.de/diw_ssp0083.pdf,PDF of Field Version/Feldversion (de)
instrument,soep-core,,,soep-core-1990-pe-n,,https://www.diw.de/documents/publikationen/73/diw_01.c.570406.de/diw_ssp0083.pdf,PDF of Field Version/Feldversion (de)
instrument,soep-core,,,soep-core-1990-pe-o,,https://www.diw.de/documents/publikationen/73/diw_01.c.570388.de/diw_ssp0084.pdf,PDF of Field Version/Feldversion (de)
instrument,soep-core,,,soep-core-1991-hh,,https://www.diw.de/documents/publikationen/73/diw_01.c.570396.de/diw_ssp0085.pdf,PDF of Field Version/Feldversion (de)
instrument,soep-core,,,soep-core-1991-hh-o,,https://www.diw.de/documents/publikationen/73/diw_01.c.570396.de/diw_ssp0085.pdf,PDF of Field Version/Feldversion (de)
instrument,soep-core,,,soep-core-1991-pe,,https://www.diw.de/documents/publikationen/73/diw_01.c.570396.de/diw_ssp0085.pdf,PDF of Field Version/Feldversion (de)
instrument,soep-core,,,soep-core-1991-pe-aus,,https://www.diw.de/documents/publikationen/73/diw_01.c.570396.de/diw_ssp0085.pdf,PDF of Field Version/Feldversion (de)
instrument,soep-core,,,soep-core-1991-pe-o-n,,https://www.diw.de/documents/publikationen/73/diw_01.c.570342.de/diw_ssp0086.pdf,PDF of Field Version/Feldversion (de)
instrument,soep-core,,,soep-core-1992-hh,,https://www.diw.de/documents/publikationen/73/diw_01.c.570382.de/diw_ssp0087.pdf,PDF of Field Version/Feldversion (de)
instrument,soep-core,,,soep-core-1992-hh-o,,https://www.diw.de/documents/publikationen/73/diw_01.c.570408.de/diw_ssp0088.pdf,PDF of Field Version/Feldversion (de)
instrument,soep-core,,,soep-core-1992-pe,,https://www.diw.de/documents/publikationen/73/diw_01.c.570382.de/diw_ssp0087.pdf,PDF of Field Version/Feldversion (de)
instrument,soep-core,,,soep-core-1993-hh,,https://www.diw.de/documents/publikationen/73/diw_01.c.570374.de/diw_ssp0089.pdf,PDF of Field Version/Feldversion (de)
instrument,soep-core,,,soep-core-1993-hh-o,,https://www.diw.de/documents/publikationen/73/diw_01.c.570350.de/diw_ssp0090.pdf,PDF of Field Version/Feldversion (de)
instrument,soep-core,,,soep-core-1993-pe,,https://www.diw.de/documents/publikationen/73/diw_01.c.570374.de/diw_ssp0089.pdf,PDF of Field Version/Feldversion (de)
instrument,soep-core,,,soep-core-1994-hh,,https://www.diw.de/documents/publikationen/73/diw_01.c.570448.de/diw_ssp0091.pdf,PDF of Field Version/Feldversion (de)
instrument,soep-core,,,soep-core-1994-pe-o,,https://www.diw.de/documents/publikationen/73/diw_01.c.570448.de/diw_ssp0091.pdf,PDF of Field Version/Feldversion (de)
instrument,soep-core,,,soep-core-1995-hh,,https://www.diw.de/documents/publikationen/73/diw_01.c.570410.de/diw_ssp0092.pdf,PDF of Field Version/Feldversion (de)
instrument,soep-core,,,soep-core-1995-pe,,https://www.diw.de/documents/publikationen/73/diw_01.c.570410.de/diw_ssp0092.pdf,PDF of Field Version/Feldversion (de)
instrument,soep-core,,,soep-core-1995-pe-aus,,https://www.diw.de/documents/publikationen/73/diw_01.c.570410.de/diw_ssp0092.pdf,PDF of Field Version/Feldversion (de)
instrument,soep-core,,,soep-core-1996-hh,,https://www.diw.de/documents/publikationen/73/diw_01.c.570306.de/diw_ssp0093.pdf,PDF of Field Version/Feldversion (de)
instrument,soep-core,,,soep-core-1996-pe,,https://www.diw.de/documents/publikationen/73/diw_01.c.570306.de/diw_ssp0093.pdf,PDF of Field Version/Feldversion (de)
instrument,soep-core,,,soep-core-1997-hh,,https://www.diw.de/documents/dokumentenarchiv/17/diw_01.c.38421.de/fr_haushalt.409223.pdf,PDF of Field Version/Feldversion (de)
instrument,soep-core,,,soep-core-1997-pe,,https://www.diw.de/documents/dokumentenarchiv/17/diw_01.c.38997.de/fr_personen.409847.pdf,PDF of Field Version/Feldversion (de)
instrument,soep-core,,,soep-core-1998-hh,,https://www.diw.de/documents/dokumentenarchiv/17/diw_01.c.38986.de/fr_haushalt.409814.pdf,PDF of Field Version/Feldversion (de)
instrument,soep-core,,,soep-core-1998-pe,,https://www.diw.de/documents/dokumentenarchiv/17/diw_01.c.38987.de/fr_personen.409817.pdf,PDF of Field Version/Feldversion (de)
instrument,soep-core,,,soep-core-1999-hh,,https://www.diw.de/documents/dokumentenarchiv/17/diw_01.c.38974.de/fr_haushalt.409778.pdf,PDF of Field Version/Feldversion (de)
instrument,soep-core,,,soep-core-1999-pe,,https://www.diw.de/documents/dokumentenarchiv/17/diw_01.c.38975.de/fr_personen.409781.pdf,PDF of Field Version/Feldversion (de)
instrument,soep-core,,,soep-core-2000-hh,,https://www.diw.de/documents/dokumentenarchiv/17/diw_01.c.38990.de/fr_haushalt.409826.pdf,PDF of Field Version/Feldversion (de)
instrument,soep-core,,,soep-core-2000-ju,,https://www.diw.de/documents/dokumentenarchiv/17/diw_01.c.38992.de/fr_jugendliche.409832.pdf,PDF of Field Version/Feldversion (de)
instrument,soep-core,,,soep-core-2000-pe,,https://www.diw.de/documents/dokumentenarchiv/17/diw_01.c.38993.de/fr_personen.409835.pdf,PDF of Field Version/Feldversion (de)
instrument,soep-core,,,soep-core-2001-hh,,https://www.diw.de/documents/dokumentenarchiv/17/diw_01.c.38984.de/fr_haushalt.409808.pdf,PDF of Field Version/Feldversion (de)
instrument,soep-core,,,soep-core-2001-ju,,https://www.diw.de/documents/dokumentenarchiv/17/diw_01.c.38978.de/fr_jugendliche.409790.pdf,PDF of Field Version/Feldversion (de)
instrument,soep-core,,,soep-core-2001-pe,,https://www.diw.de/documents/dokumentenarchiv/17/diw_01.c.38980.de/fr_personen.409796.pdf,PDF of Field Version/Feldversion (de)
instrument,soep-core,,,soep-core-2002-hh,,https://www.diw.de/documents/dokumentenarchiv/17/diw_01.c.38970.de/fr_haushalt.409766.pdf,PDF of Field Version/Feldversion (de)
instrument,soep-core,,,soep-core-2002-ju,,https://www.diw.de/documents/dokumentenarchiv/17/diw_01.c.38965.de/fr_jugendliche.409751.pdf,PDF of Field Version/Feldversion (de)
instrument,soep-core,,,soep-core-2002-pe,,https://www.diw.de/documents/dokumentenarchiv/17/diw_01.c.38966.de/fr_personen.409754.pdf,PDF of Field Version/Feldversion (de)
instrument,soep-core,,,soep-core-2003-hh,,https://www.diw.de/documents/dokumentenarchiv/17/diw_01.c.38385.de/haushalt_2003.pdf,PDF of Field Version/Feldversion (de)
instrument,soep-core,,,soep-core-2003-ju,,https://www.diw.de/documents/dokumentenarchiv/17/diw_01.c.38963.de/jugend_2003.409745.pdf,PDF of Field Version/Feldversion (de)
instrument,soep-core,,,soep-core-2003-pe,,https://www.diw.de/documents/dokumentenarchiv/17/diw_01.c.38383.de/personen_2003.pdf,PDF of Field Version/Feldversion (de)
instrument,soep-core,,,soep-core-2004-hh,,https://www.diw.de/documents/dokumentenarchiv/17/diw_01.c.40961.de/haushalt_2004.pdf,PDF of Field Version/Feldversion (de)
instrument,soep-core,,,soep-core-2004-ju,,https://www.diw.de/documents/dokumentenarchiv/17/diw_01.c.40962.de/jugend_2004.pdf,PDF of Field Version/Feldversion (de)
instrument,soep-core,,,soep-core-2004-l,,https://www.diw.de/documents/publikationen/73/diw_01.c.570536.de/diw_ssp0102.pdf,PDF of Field Version/Feldversion (de/en)
instrument,soep-core,,,soep-core-2004-pe,,https://www.diw.de/documents/dokumentenarchiv/17/diw_01.c.40965.de/personen_2004.pdf,PDF of Field Version/Feldversion (de)
instrument,soep-core,,,soep-core-2005-hh,,https://www.diw.de/documents/dokumentenarchiv/17/diw_01.c.42695.de/haushalt_2005.pdf,PDF of Field Version/Feldversion (de)
instrument,soep-core,,,soep-core-2005-ju,,https://www.diw.de/documents/dokumentenarchiv/17/diw_01.c.42698.de/jugend_2005.pdf,PDF of Field Version/Feldversion (de)
instrument,soep-core,,,soep-core-2005-pe,,https://www.diw.de/documents/dokumentenarchiv/17/diw_01.c.42696.de/personen_2005.pdf,PDF of Field Version/Feldversion (de)
instrument,soep-core,,,soep-core-2006-hh,,https://www.diw.de/documents/dokumentenarchiv/17/diw_01.c.44384.de/haushalt_2006.pdf,PDF of Field Version/Feldversion (de)
instrument,soep-core,,,soep-core-2006-ju,,https://www.diw.de/documents/dokumentenarchiv/17/diw_01.c.44386.de/jugend_2006.pdf,PDF of Field Version/Feldversion (de)
instrument,soep-core,,,soep-core-2006-l,,https://www.diw.de/documents/dokumentenarchiv/17/diw_01.c.44389.de/luecke_2006.pdf,PDF of Field Version/Feldversion (de)
instrument,soep-core,,,soep-core-2006-pe,,https://www.diw.de/documents/dokumentenarchiv/17/diw_01.c.44391.de/personen_2006.pdf,PDF of Field Version/Feldversion (de)
instrument,soep-core,,,soep-core-2007-hh,,https://www.diw.de/documents/dokumentenarchiv/17/diw_01.c.56572.de/haushalt_2007.pdf,PDF of Field Version/Feldversion (de)
instrument,soep-core,,,soep-core-2007-ju,,https://www.diw.de/documents/dokumentenarchiv/17/diw_01.c.56574.de/jugend_2007.pdf,PDF of Field Version/Feldversion (de)
instrument,soep-core,,,soep-core-2007-l,,https://www.diw.de/documents/dokumentenarchiv/17/diw_01.c.56577.de/luecke_2007.pdf,PDF of Field Version/Feldversion (de)
instrument,soep-core,,,soep-core-2007-pe,,https://www.diw.de/documents/dokumentenarchiv/17/diw_01.c.56580.de/personen_2007.pdf,PDF of Field Version/Feldversion (de)
instrument,soep-core,,,soep-core-2008-hh,,https://www.diw.de/documents/dokumentenarchiv/17/diw_01.c.85350.de/haushalt_2008.pdf,PDF of Field Version/Feldversion (de)
instrument,soep-core,,,soep-core-2008-ju,,https://www.diw.de/documents/dokumentenarchiv/17/diw_01.c.85351.de/jugend_2008.pdf,PDF of Field Version/Feldversion (de)
instrument,soep-core,,,soep-core-2008-l,,https://www.diw.de/documents/dokumentenarchiv/17/diw_01.c.85357.de/luecke_2008.pdf,PDF of Field Version/Feldversion (de)
instrument,soep-core,,,soep-core-2008-pe,,https://www.diw.de/documents/dokumentenarchiv/17/diw_01.c.85359.de/personen_2008.pdf,PDF of Field Version/Feldversion (de)
instrument,soep-core,,,soep-core-2009-hh,,https://www.diw.de/documents/dokumentenarchiv/17/diw_01.c.356272.de/soepfrabo_haushalt_2009.pdf,PDF of Field Version/Feldversion (de)
instrument,soep-core,,,soep-core-2009-ju,,https://www.diw.de/documents/dokumentenarchiv/17/diw_01.c.356304.de/soepfrabo_jugend_2009.pdf,PDF of Field Version/Feldversion (de)
instrument,soep-core,,,soep-core-2009-l,,https://www.diw.de/documents/dokumentenarchiv/17/diw_01.c.356303.de/soepfrabo_luecke_2009.pdf,PDF of Field Version/Feldversion (de)
instrument,soep-core,,,soep-core-2009-pe,,https://www.diw.de/documents/dokumentenarchiv/17/diw_01.c.356269.de/soepfrabo_personen_2009.pdf,PDF of Field Version/Feldversion (de)
instrument,soep-core,,,soep-core-2009-vp,,https://www.diw.de/documents/dokumentenarchiv/17/diw_01.c.356319.de/soepfrabo_verstorben_2009.pdf,PDF of Field Version/Feldversion (de)
instrument,soep-core,,,soep-core-2010-hh,,https://www.diw.de/documents/dokumentenarchiv/17/diw_01.c.369779.de/soepfrabo_haushalt_2010.pdf,PDF of Field Version/Feldversion (de)
instrument,soep-core,,,soep-core-2010-ju,,https://www.diw.de/documents/dokumentenarchiv/17/diw_01.c.369773.de/soepfrabo_jugend_2010.pdf,PDF of Field Version/Feldversion (de)
instrument,soep-core,,,soep-core-2010-l,,https://www.diw.de/documents/dokumentenarchiv/17/diw_01.c.369769.de/soepfrabo_luecke_2010.pdf,PDF of Field Version/Feldversion (de)
instrument,soep-core,,,soep-core-2010-pe,,https://www.diw.de/documents/dokumentenarchiv/17/diw_01.c.369781.de/soepfrabo_personen_2010.pdf,PDF of Field Version/Feldversion (de)
instrument,soep-core,,,soep-core-2010-vp,,https://www.diw.de/documents/dokumentenarchiv/17/diw_01.c.369759.de/soepfrabo_verstorben_2010.pdf,PDF of Field Version/Feldversion (de)
instrument,soep-core,,,soep-core-2011-hh,,https://www.diw.de/documents/dokumentenarchiv/17/diw_01.c.394158.de/soepfrabo_haushalt_2011.pdf,PDF of Field Version/Feldversion (de)
instrument,soep-core,,,soep-core-2011-ju,,https://www.diw.de/documents/dokumentenarchiv/17/diw_01.c.394166.de/soepfrabo_jugend_2011.pdf,PDF of Field Version/Feldversion (de)
instrument,soep-core,,,soep-core-2011-l,,https://www.diw.de/documents/dokumentenarchiv/17/diw_01.c.394164.de/soepfrabo_luecke_2011.pdf,PDF of Field Version/Feldversion (de)
instrument,soep-core,,,soep-core-2011-pe,,https://www.diw.de/documents/dokumentenarchiv/17/diw_01.c.394133.de/soepfrabo_personen_2011.pdf,PDF of Field Version/Feldversion (de)
instrument,soep-core,,,soep-core-2011-vp,,https://www.diw.de/documents/dokumentenarchiv/17/diw_01.c.394176.de/soepfrabo_verstorben_2011.pdf,PDF of Field Version/Feldversion (de)
instrument,soep-core,,,soep-core-2012-hh,,https://www.econstor.eu/handle/10419/88778,PDF of Field Version/Feldversion (de/en)
instrument,soep-core,,,soep-core-2012-ju,,https://www.econstor.eu/handle/10419/88781,PDF of Field Version/Feldversion (de)
instrument,soep-core,,,soep-core-2012-l,,https://www.econstor.eu/handle/10419/88779,PDF of Field Version/Feldversion (de)
instrument,soep-core,,,soep-core-2012-pb-j,,https://www.econstor.eu/handle/10419/90895,PDF of Field Version/Feldversion (de)
instrument,soep-core,,,soep-core-2012-pb-j-erst,,https://www.econstor.eu/handle/10419/90892,PDF of Field Version/Feldversion (de)
instrument,soep-core,,,soep-core-2012-pb-k,,https://www.econstor.eu/handle/10419/90896,PDF of Field Version/Feldversion (de)
instrument,soep-core,,,soep-core-2012-pe,,https://www.econstor.eu/bitstream/10419/100687/1/795572875.pdf,PDF of Field Version/Feldversion (de/en)
instrument,soep-core,,,soep-core-2012-vp,,https://www.econstor.eu/handle/10419/90887,PDF of Field Version/Feldversion (de)
instrument,soep-core,,,soep-core-2013-hh,,https://www.econstor.eu/bitstream/10419/96128/1/782879330.pdf,PDF of Field Version/Feldversion (de/en)
instrument,soep-core,,,soep-core-2013-hh-mig,,https://www.diw.de/documents/publikationen/73/diw_01.c.570840.de/diw_ssp0218.pdf,PDF of Field Version/Feldversion (de)
instrument,soep-core,,,soep-core-2013-ju,,https://www.econstor.eu/bitstream/10419/96129/1/782879748.pdf,PDF of Field Version/Feldversion (de)
instrument,soep-core,,,soep-core-2013-l,,https://www.econstor.eu/bitstream/10419/97155/1/786162392.pdf,PDF of Field Version/Feldversion (de)
instrument,soep-core,,,soep-core-2013-ll,,https://www.diw.de/documents/publikationen/73/diw_01.c.570584.de/diw_ssp0182.pdf,PDF of Field Version/Feldversion (de)
instrument,soep-core,,,soep-core-2013-pb-jk,,https://www.econstor.eu/bitstream/10419/96114/1/782881009.pdf,PDF of Field Version/Feldversion (de/en)
instrument,soep-core,,,soep-core-2013-pb-mig,,https://www.diw.de/documents/publikationen/73/diw_01.c.570840.de/diw_ssp0218.pdf,PDF of Field Version/Feldversion (de)
instrument,soep-core,,,soep-core-2013-pe,,https://www.econstor.eu/bitstream/10419/96127/1/782878962.pdf,PDF of Field Version/Feldversion (de/en)
instrument,soep-core,,,soep-core-2013-vp,,https://www.econstor.eu/bitstream/10419/96115/1/782880797.pdf,PDF of Field Version/Feldversion (de)
instrument,soep-core,,,soep-core-2014-hh,,https://www.diw.de/documents/publikationen/73/diw_01.c.570856.de/diw_ssp0236.pdf,PDF of Field Version/Feldversion (de/en)
instrument,soep-core,,,soep-core-2014-hh-mig,,https://www.diw.de/documents/publikationen/73/diw_01.c.570726.de/diw_ssp0259.pdf,PDF of Field Version/Feldversion (de)
instrument,soep-core,,,soep-core-2014-ju,,https://www.diw.de/documents/publikationen/73/diw_01.c.570864.de/diw_ssp0238.pdf,PDF of Field Version/Feldversion (de)
instrument,soep-core,,,soep-core-2014-ju-mig,,https://www.diw.de/documents/publikationen/73/diw_01.c.570854.de/diw_ssp0262.pdf,PDF of Field Version/Feldversion (de)
instrument,soep-core,,,soep-core-2014-l,,https://www.diw.de/documents/publikationen/73/diw_01.c.570814.de/diw_ssp0246.pdf,PDF of Field Version/Feldversion (de)
instrument,soep-core,,,soep-core-2014-pe,,https://www.diw.de/documents/publikationen/73/diw_01.c.570794.de/diw_ssp0235.pdf,PDF of Field Version/Feldversion (de/en)
instrument,soep-core,,,soep-core-2014-s,,https://www.diw.de/documents/publikationen/73/diw_01.c.570688.de/diw_ssp0244.pdf,PDF of Field Version/Feldversion (de)
instrument,soep-core,,,soep-core-2014-vp,,https://www.diw.de/documents/publikationen/73/diw_01.c.570764.de/diw_ssp0245.pdf,PDF of Field Version/Feldversion (de)
instrument,soep-core,,,soep-core-2015-hh,,https://www.diw.de/documents/publikationen/73/diw_01.c.570818.de/diw_ssp0275.pdf,PDF of Field Version/Feldversion (de/en)
instrument,soep-core,,,soep-core-2015-hh-mig,,https://www.diw.de/documents/publikationen/73/diw_01.c.570958.de/diw_ssp0367.pdf,PDF of Field Version/Feldversion (de/en)
instrument,soep-core,,,soep-core-2015-ju,,https://www.diw.de/documents/publikationen/73/diw_01.c.570796.de/diw_ssp0276.pdf,PDF of Field Version/Feldversion (de)
instrument,soep-core,,,soep-core-2015-ju-mig,,https://www.diw.de/documents/publikationen/73/diw_01.c.571055.de/diw_ssp0370.pdf,PDF of Field Version/Feldversion (de)
instrument,soep-core,,,soep-core-2015-p-mig,,https://www.diw.de/documents/dokumentenarchiv/17/diw_01.c.549239.de/soep-core-v31_m1-personen.pdf,PDF of Field Version/Feldversion (de)
instrument,soep-core,,,soep-core-2015-pb-mig,,https://www.diw.de/documents/publikationen/73/diw_01.c.571065.de/diw_ssp0366.pdf,PDF of Field Version/Feldversion (de/en)
instrument,soep-core,,,soep-core-2015-pb-mig,,https://www.diw.de/documents/publikationen/73/diw_01.c.570982.de/diw_ssp0368.pdf,PDF of Field Version/Feldversion (de/en)
instrument,soep-core,,,soep-core-2015-pe,,https://www.diw.de/documents/publikationen/73/diw_01.c.570870.de/diw_ssp0274.pdf,PDF of Field Version/Feldversion (de/en)
instrument,soep-core,,,soep-core-2015-pe,,https://www.diw.de/documents/publikationen/73/diw_01.c.571141.de/diw_ssp0419.pdf,PDF with Reference to Variables (de)
instrument,soep-core,,,soep-core-2015-pe,,https://www.diw.de/documents/publikationen/73/diw_01.c.571161.de/diw_ssp0420.pdf,PDF with Reference to Variables (en)
instrument,soep-core,,,soep-core-2015-s,,https://www.diw.de/documents/publikationen/73/diw_01.c.570762.de/diw_ssp0286.pdf,PDF of Field Version/Feldversion (de)
instrument,soep-core,,,soep-core-2015-vp,,https://www.diw.de/documents/publikationen/73/diw_01.c.570710.de/diw_ssp0288.pdf,PDF of Field Version/Feldversion (de)
instrument,soep-core,,,soep-core-2016-e1,,https://www.diw.de/documents/publikationen/73/diw_01.c.618769.de/diw_ssp0621.pdf,PDF with Reference to Variables (de)
instrument,soep-core,,,soep-core-2016-e1,,https://www.diw.de/documents/publikationen/73/diw_01.c.618989.de/diw_ssp0641.pdf,PDF with Reference to Variables (en)
instrument,soep-core,,,soep-core-2016-e2,,https://www.diw.de/documents/publikationen/73/diw_01.c.618771.de/diw_ssp0622.pdf,PDF with Reference to Variables (de)
instrument,soep-core,,,soep-core-2016-e2,,https://www.diw.de/documents/publikationen/73/diw_01.c.618993.de/diw_ssp0642.pdf,PDF with Reference to Variables (en)
instrument,soep-core,,,soep-core-2016-e3,,https://www.diw.de/documents/publikationen/73/diw_01.c.618773.de/diw_ssp0623.pdf,PDF with Reference to Variables (de)
instrument,soep-core,,,soep-core-2016-e3,,https://www.diw.de/documents/publikationen/73/diw_01.c.618995.de/diw_ssp0643.pdf,PDF with Reference to Variables (en)
instrument,soep-core,,,soep-core-2016-e4,,https://www.diw.de/documents/publikationen/73/diw_01.c.618777.de/diw_ssp0624.pdf,PDF with Reference to Variables (de)
instrument,soep-core,,,soep-core-2016-e4,,https://www.diw.de/documents/publikationen/73/diw_01.c.618997.de/diw_ssp0644.pdf,PDF with Reference to Variables (en)
instrument,soep-core,,,soep-core-2016-e5,,https://www.diw.de/documents/publikationen/73/diw_01.c.618779.de/diw_ssp0625.pdf,PDF with Reference to Variables (de)
instrument,soep-core,,,soep-core-2016-e5,,https://www.diw.de/documents/publikationen/73/diw_01.c.618999.de/diw_ssp0645.pdf,PDF with Reference to Variables (en)
instrument,soep-core,,,soep-core-2016-hh,,https://www.diw.de/documents/publikationen/73/diw_01.c.570920.de/diw_ssp0344.pdf,PDF of Field Version/Feldversion (de/en)
instrument,soep-core,,,soep-core-2016-hh,,https://www.diw.de/documents/publikationen/73/diw_01.c.618789.de/diw_ssp0627.pdf,PDF with Reference to Variables (de)
instrument,soep-core,,,soep-core-2016-hh,,https://www.diw.de/documents/publikationen/73/diw_01.c.619001.de/diw_ssp0647.pdf,PDF with Reference to Variables (en)
instrument,soep-core,,,soep-core-2016-hh-m12,,https://www.diw.de/documents/publikationen/73/diw_01.c.571031.de/diw_ssp0357.pdf,PDF of Field Version/Feldversion (de/en)
instrument,soep-core,,,soep-core-2016-hh-m12,,https://www.diw.de/documents/publikationen/73/diw_01.c.618791.de/diw_ssp0628.pdf,PDF with Reference to Variables (de)
instrument,soep-core,,,soep-core-2016-hh-m12,,https://www.diw.de/documents/publikationen/73/diw_01.c.619003.de/diw_ssp0648.pdf,PDF with Reference to Variables (en)
instrument,soep-core,,,soep-core-2016-hh-m34,,https://www.diw.de/documents/publikationen/73/diw_01.c.570974.de/diw_ssp0361.pdf,PDF of Field Version/Feldversion (de/en)
instrument,soep-core,,,soep-core-2016-hh-m34,,https://www.diw.de/documents/publikationen/73/diw_01.c.618793.de/diw_ssp0629.pdf,PDF with Reference to Variables (de)
instrument,soep-core,,,soep-core-2016-hh-m34,,https://www.diw.de/documents/publikationen/73/diw_01.c.619005.de/diw_ssp0649.pdf,PDF with Reference to Variables (en)
instrument,soep-core,,,soep-core-2016-ju,,https://www.diw.de/documents/publikationen/73/diw_01.c.570996.de/diw_ssp0346.pdf,PDF of Field Version/Feldversion (de)
instrument,soep-core,,,soep-core-2016-ju,,https://www.diw.de/documents/publikationen/73/diw_01.c.618796.de/diw_ssp0630.pdf,PDF with Reference to Variables (de)
instrument,soep-core,,,soep-core-2016-ju,,https://www.diw.de/documents/publikationen/73/diw_01.c.619007.de/diw_ssp0650.pdf,PDF with Reference to Variables (en)
instrument,soep-core,,,soep-core-2016-ju-m12,,https://www.diw.de/documents/publikationen/73/diw_01.c.570960.de/diw_ssp0359.pdf,PDF of Field Version/Feldversion (de)
instrument,soep-core,,,soep-core-2016-ju-m12,,https://www.diw.de/documents/publikationen/73/diw_01.c.618805.de/diw_ssp0631.pdf,PDF with Reference to Variables (de)
instrument,soep-core,,,soep-core-2016-ju-m12,,https://www.diw.de/documents/publikationen/73/diw_01.c.619009.de/diw_ssp0651.pdf,PDF with Reference to Variables (en)
instrument,soep-core,,,soep-core-2016-l,,https://www.diw.de/documents/publikationen/73/diw_01.c.618808.de/diw_ssp0632.pdf,PDF with Reference to Variables (de)
instrument,soep-core,,,soep-core-2016-l,,https://www.diw.de/documents/publikationen/73/diw_01.c.619011.de/diw_ssp0652.pdf,PDF with Reference to Variables (en)
instrument,soep-core,,,soep-core-2016-ll,,https://www.diw.de/documents/publikationen/73/diw_01.c.618810.de/diw_ssp0633.pdf,PDF with Reference to Variables (de)
instrument,soep-core,,,soep-core-2016-ll,,https://www.diw.de/documents/publikationen/73/diw_01.c.619013.de/diw_ssp0653.pdf,PDF with Reference to Variables (en)
instrument,soep-core,,,soep-core-2016-p-m12,,https://www.diw.de/documents/publikationen/73/diw_01.c.571063.de/diw_ssp0358.pdf,PDF of Field Version/Feldversion (de/en)
instrument,soep-core,,,soep-core-2016-p-m12,,https://www.diw.de/documents/publikationen/73/diw_01.c.618812.de/diw_ssp0634.pdf,PDF with Reference to Variables (de)
instrument,soep-core,,,soep-core-2016-p-m12,,https://www.diw.de/documents/publikationen/73/diw_01.c.619015.de/diw_ssp0654.pdf,PDF with Reference to Variables (en)
instrument,soep-core,,,soep-core-2016-pb-m12-erst,,https://www.diw.de/documents/publikationen/73/diw_01.c.570938.de/diw_ssp0360.pdf,PDF of Field Version/Feldversion (de/en)
instrument,soep-core,,,soep-core-2016-pb-m12-erst,,https://www.diw.de/documents/publikationen/73/diw_01.c.618819.de/diw_ssp0635.pdf,PDF with Reference to Variables (de)
instrument,soep-core,,,soep-core-2016-pb-m12-erst,,https://www.diw.de/documents/publikationen/73/diw_01.c.619017.de/diw_ssp0655.pdf,PDF with Reference to Variables (en)
instrument,soep-core,,,soep-core-2016-pb-m34,,https://www.diw.de/documents/publikationen/73/diw_01.c.570916.de/diw_ssp0362.pdf,PDF of Field Version/Feldversion (de/en)
instrument,soep-core,,,soep-core-2016-pb-m34,,https://www.diw.de/documents/publikationen/73/diw_01.c.618821.de/diw_ssp0636.pdf,PDF with Reference to Variables (de)
instrument,soep-core,,,soep-core-2016-pb-m34,,https://www.diw.de/documents/publikationen/73/diw_01.c.619019.de/diw_ssp0656.pdf,PDF with Reference to Variables (en)
instrument,soep-core,,,soep-core-2016-pe,,https://www.diw.de/documents/publikationen/73/diw_01.c.571045.de/diw_ssp0345.pdf,PDF of Field Version/Feldversion (de/en)
instrument,soep-core,,,soep-core-2016-pe,,https://www.diw.de/documents/publikationen/73/diw_01.c.618898.de/diw_ssp0637.pdf,PDF with Reference to Variables (de)
instrument,soep-core,,,soep-core-2016-pe,,https://www.diw.de/documents/publikationen/73/diw_01.c.619021.de/diw_ssp0657.pdf,PDF with Reference to Variables (en)
instrument,soep-core,,,soep-core-2016-s,,https://www.diw.de/documents/publikationen/73/diw_01.c.570896.de/diw_ssp0348.pdf,PDF of Field Version/Feldversion (de)
instrument,soep-core,,,soep-core-2016-s,,https://www.diw.de/documents/publikationen/73/diw_01.c.618900.de/diw_ssp0638.pdf,PDF with Reference to Variables (de)
instrument,soep-core,,,soep-core-2016-s,,https://www.diw.de/documents/publikationen/73/diw_01.c.619023.de/diw_ssp0658.pdf,PDF with Reference to Variables (en)
instrument,soep-core,,,soep-core-2016-s2,,https://www.diw.de/documents/publikationen/73/diw_01.c.570994.de/diw_ssp0356.pdf,PDF of Field Version/Feldversion (de)
instrument,soep-core,,,soep-core-2016-s2,,https://www.diw.de/documents/publikationen/73/diw_01.c.618902.de/diw_ssp0639.pdf,PDF with Reference to Variables (de)
instrument,soep-core,,,soep-core-2016-s2,,https://www.diw.de/documents/publikationen/73/diw_01.c.619025.de/diw_ssp0659.pdf,PDF with Reference to Variables (en)
instrument,soep-core,,,soep-core-2016-vp,,https://www.diw.de/documents/publikationen/73/diw_01.c.571071.de/diw_ssp0354.pdf,PDF of Field Version/Feldversion (de)
instrument,soep-core,,,soep-core-2016-vp,,https://www.diw.de/documents/publikationen/73/diw_01.c.618904.de/diw_ssp0640.pdf,PDF with Reference to Variables (de)
instrument,soep-core,,,soep-core-2016-vp,,https://www.diw.de/documents/publikationen/73/diw_01.c.619027.de/diw_ssp0660.pdf,PDF with Reference to Variables (en)
instrument,soep-core,,,soep-core-2017-e1,,https://www.diw.de/documents/publikationen/73/diw_01.c.601721.de/diw_ssp0567.pdf,PDF of Field Version/Feldversion (de)
instrument,soep-core,,,soep-core-2017-e1,,https://www.diw.de/documents/publikationen/73/diw_01.c.619031.de/diw_ssp0661.pdf,PDF with Reference to Variables (de)
instrument,soep-core,,,soep-core-2017-e1,,https://www.diw.de/documents/publikationen/73/diw_01.c.619206.de/diw_ssp0685.pdf,PDF with Reference to Variables (en)
instrument,soep-core,,,soep-core-2017-e2,,https://www.diw.de/documents/publikationen/73/diw_01.c.601767.de/diw_ssp0568.pdf,PDF of Field Version/Feldversion (de)
instrument,soep-core,,,soep-core-2017-e2,,https://www.diw.de/documents/publikationen/73/diw_01.c.619033.de/diw_ssp0662.pdf,PDF with Reference to Variables (de)
instrument,soep-core,,,soep-core-2017-e2,,https://www.diw.de/documents/publikationen/73/diw_01.c.619217.de/diw_ssp0686.pdf,PDF with Reference to Variables (en)
instrument,soep-core,,,soep-core-2017-e3,,https://www.diw.de/documents/publikationen/73/diw_01.c.601769.de/diw_ssp0569.pdf,PDF of Field Version/Feldversion (de)
instrument,soep-core,,,soep-core-2017-e3,,https://www.diw.de/documents/publikationen/73/diw_01.c.619035.de/diw_ssp0663.pdf,PDF with Reference to Variables (de)
instrument,soep-core,,,soep-core-2017-e3,,https://www.diw.de/documents/publikationen/73/diw_01.c.619219.de/diw_ssp0687.pdf,PDF with Reference to Variables (en)
instrument,soep-core,,,soep-core-2017-e4,,https://www.diw.de/documents/publikationen/73/diw_01.c.601771.de/diw_ssp0570.pdf,PDF of Field Version/Feldversion (de)
instrument,soep-core,,,soep-core-2017-e5,,https://www.diw.de/documents/publikationen/73/diw_01.c.601828.de/diw_ssp0571.pdf,PDF of Field Version/Feldversion (de)
instrument,soep-core,,,soep-core-2017-e5,,https://www.diw.de/documents/publikationen/73/diw_01.c.619116.de/diw_ssp0665.pdf,PDF with Reference to Variables (de)
instrument,soep-core,,,soep-core-2017-e5,,https://www.diw.de/documents/publikationen/73/diw_01.c.619324.de/diw_ssp0689.pdf,PDF with Reference to Variables (en)
instrument,soep-core,,,soep-core-2017-hh,,https://www.diw.de/documents/publikationen/73/diw_01.c.601700.de/diw_ssp0562.pdf,PDF of Field Version/Feldversion (de/en)
instrument,soep-core,,,soep-core-2017-hh,,https://www.diw.de/documents/publikationen/73/diw_01.c.619118.de/diw_ssp0666.pdf,PDF with Reference to Variables (de)
instrument,soep-core,,,soep-core-2017-hh,,https://www.diw.de/documents/publikationen/73/diw_01.c.619327.de/diw_ssp0690.pdf,PDF with Reference to Variables (en)
instrument,soep-core,,,soep-core-2017-hh-m12,,https://www.diw.de/documents/publikationen/73/diw_01.c.614645.de/diw_ssp0596.pdf,PDF of Field Version/Feldversion (de/en)
instrument,soep-core,,,soep-core-2017-hh-m12,,https://www.diw.de/documents/publikationen/73/diw_01.c.619120.de/diw_ssp0667.pdf,PDF with Reference to Variables (de)
instrument,soep-core,,,soep-core-2017-hh-m12,,https://www.diw.de/documents/publikationen/73/diw_01.c.619329.de/diw_ssp0691.pdf,PDF with Reference to Variables (en)
instrument,soep-core,,,soep-core-2017-hh-m34,,https://www.diw.de/documents/publikationen/73/diw_01.c.619122.de/diw_ssp0668.pdf,PDF with Reference to Variables (de)
instrument,soep-core,,,soep-core-2017-hh-m34,,https://www.diw.de/documents/publikationen/73/diw_01.c.619331.de/diw_ssp0692.pdf,PDF with Reference to Variables (en)
instrument,soep-core,,,soep-core-2017-hh-m5,,https://www.diw.de/documents/publikationen/73/diw_01.c.619124.de/diw_ssp0669.pdf,PDF with Reference to Variables (de)
instrument,soep-core,,,soep-core-2017-hh-m5,,https://www.diw.de/documents/publikationen/73/diw_01.c.619333.de/diw_ssp0693.pdf,PDF with Reference to Variables (en)
instrument,soep-core,,,soep-core-2017-ju,,https://www.diw.de/documents/publikationen/73/diw_01.c.601704.de/diw_ssp0564.pdf,PDF of Field Version/Feldversion (de)
instrument,soep-core,,,soep-core-2017-ju,,https://www.diw.de/documents/publikationen/73/diw_01.c.619126.de/diw_ssp0670.pdf,PDF with Reference to Variables (de)
instrument,soep-core,,,soep-core-2017-ju,,https://www.diw.de/documents/publikationen/73/diw_01.c.619335.de/diw_ssp0694.pdf,PDF with Reference to Variables (en)
instrument,soep-core,,,soep-core-2017-ju-m12,,https://www.diw.de/documents/publikationen/73/diw_01.c.619128.de/diw_ssp0671.pdf,PDF with Reference to Variables (de)
instrument,soep-core,,,soep-core-2017-ju-m12,,https://www.diw.de/documents/publikationen/73/diw_01.c.619337.de/diw_ssp0695.pdf,PDF with Reference to Variables (en)
instrument,soep-core,,,soep-core-2017-ju-m34,,https://www.diw.de/documents/publikationen/73/diw_01.c.619130.de/diw_ssp0672.pdf,PDF with Reference to Variables (de)
instrument,soep-core,,,soep-core-2017-ju-m34,,https://www.diw.de/documents/publikationen/73/diw_01.c.619379.de/diw_ssp0696.pdf,PDF with Reference to Variables (en)
instrument,soep-core,,,soep-core-2017-ki-m34,,https://www.diw.de/documents/publikationen/73/diw_01.c.619122.de/diw_ssp0668.pdf,PDF with Reference to Variables (de)
instrument,soep-core,,,soep-core-2017-l,,https://www.diw.de/documents/publikationen/73/diw_01.c.601871.de/diw_ssp0573.pdf,PDF of Field Version/Feldversion (de)
instrument,soep-core,,,soep-core-2017-l,,https://www.diw.de/documents/publikationen/73/diw_01.c.619132.de/diw_ssp0674.pdf,PDF with Reference to Variables (de)
instrument,soep-core,,,soep-core-2017-l,,https://www.diw.de/documents/publikationen/73/diw_01.c.619381.de/diw_ssp0698.pdf,PDF with Reference to Variables (en)
instrument,soep-core,,,soep-core-2017-ll,,https://www.diw.de/documents/publikationen/73/diw_01.c.601708.de/diw_ssp0565.pdf,PDF of Field Version/Feldversion (de)
instrument,soep-core,,,soep-core-2017-ll,,https://www.diw.de/documents/publikationen/73/diw_01.c.619134.de/diw_ssp0675.pdf,PDF with Reference to Variables (de)
instrument,soep-core,,,soep-core-2017-ll,,https://www.diw.de/documents/publikationen/73/diw_01.c.619385.de/diw_ssp0699.pdf,PDF with Reference to Variables (en)
instrument,soep-core,,,soep-core-2017-p-m12,,https://www.diw.de/documents/publikationen/73/diw_01.c.619152.de/diw_ssp0677.pdf,PDF with Reference to Variables (de)
instrument,soep-core,,,soep-core-2017-p-m12,,https://www.diw.de/documents/publikationen/73/diw_01.c.619391.de/diw_ssp0701.pdf,PDF with Reference to Variables (en)
instrument,soep-core,,,soep-core-2017-pb-m12-erst,,https://www.diw.de/documents/publikationen/73/diw_01.c.619154.de/diw_ssp0678.pdf,PDF with Reference to Variables (de)
instrument,soep-core,,,soep-core-2017-pb-m12-erst,,https://www.diw.de/documents/publikationen/73/diw_01.c.619395.de/diw_ssp0702.pdf,PDF with Reference to Variables (en)
instrument,soep-core,,,soep-core-2017-pb-m34-wieder,,https://www.diw.de/documents/publikationen/73/diw_01.c.619189.de/diw_ssp0679.pdf,PDF with Reference to Variables (de)
instrument,soep-core,,,soep-core-2017-pb-m34-wieder,,https://www.diw.de/documents/publikationen/73/diw_01.c.619400.de/diw_ssp0703.pdf,PDF with Reference to Variables (en)
instrument,soep-core,,,soep-core-2017-pb-m345-erst,,https://www.diw.de/documents/publikationen/73/diw_01.c.619191.de/diw_ssp0680.pdf,PDF with Reference to Variables (de)
instrument,soep-core,,,soep-core-2017-pb-m345-erst,,https://www.diw.de/documents/publikationen/73/diw_01.c.619402.de/diw_ssp0704.pdf,PDF with Reference to Variables (en)
instrument,soep-core,,,soep-core-2017-pe,,https://www.diw.de/documents/publikationen/73/diw_01.c.601702.de/diw_ssp0563.pdf,PDF of Field Version/Feldversion (de/en)
instrument,soep-core,,,soep-core-2017-pe,,https://www.diw.de/documents/publikationen/73/diw_01.c.619193.de/diw_ssp0681.pdf,PDF with Reference to Variables (de)
instrument,soep-core,,,soep-core-2017-pe,,https://www.diw.de/documents/publikationen/73/diw_01.c.619404.de/diw_ssp0705.pdf,PDF with Reference to Variables (en)
instrument,soep-core,,,soep-core-2017-s,,https://www.diw.de/documents/publikationen/73/diw_01.c.601710.de/diw_ssp0566.pdf,PDF of Field Version/Feldversion (de)
instrument,soep-core,,,soep-core-2017-s,,https://www.diw.de/documents/publikationen/73/diw_01.c.619195.de/diw_ssp0682.pdf,PDF with Reference to Variables (de)
instrument,soep-core,,,soep-core-2017-s,,https://www.diw.de/documents/publikationen/73/diw_01.c.619406.de/diw_ssp0706.pdf,PDF with Reference to Variables (en)
instrument,soep-core,,,soep-core-2017-s2,,https://www.diw.de/documents/publikationen/73/diw_01.c.601873.de/diw_ssp0574.pdf,PDF of Field Version/Feldversion (de)
instrument,soep-core,,,soep-core-2017-s2,,https://www.diw.de/documents/publikationen/73/diw_01.c.619197.de/diw_ssp0683.pdf,PDF with Reference to Variables (de)
instrument,soep-core,,,soep-core-2017-s2,,https://www.diw.de/documents/publikationen/73/diw_01.c.619408.de/diw_ssp0707.pdf,PDF with Reference to Variables (en)
instrument,soep-core,,,soep-core-2017-vp,,https://www.diw.de/documents/publikationen/73/diw_01.c.601867.de/diw_ssp0572.pdf,PDF of Field Version/Feldversion (de)
instrument,soep-core,,,soep-core-2017-vp,,https://www.diw.de/documents/publikationen/73/diw_01.c.619199.de/diw_ssp0684.pdf,PDF with Reference to Variables (de)
instrument,soep-core,,,soep-core-2017-vp,,https://www.diw.de/documents/publikationen/73/diw_01.c.619410.de/diw_ssp0708.pdf,PDF with Reference to Variables (en)
instrument,soep-core,,,soep-core-2018-e1,,https://www.diw.de/documents/publikationen/73/diw_01.c.622054.de/diw_ssp0612.pdf,PDF of Field Version/Feldversion (de)
instrument,soep-core,,,soep-core-2018-e1,,https://www.diw.de/documents/publikationen/73/diw_01.c.740797.de/diw_ssp0773.pdf,PDF with Reference to Variables (de)
instrument,soep-core,,,soep-core-2018-e1,,https://www.diw.de/documents/publikationen/73/diw_01.c.741023.de/diw_ssp0799.pdf,PDF with Reference to Variables (en)
instrument,soep-core,,,soep-core-2018-e2,,https://www.diw.de/documents/publikationen/73/diw_01.c.622056.de/diw_ssp0613.pdf,PDF of Field Version/Feldversion (de)
instrument,soep-core,,,soep-core-2018-e2,,https://www.diw.de/documents/publikationen/73/diw_01.c.740799.de/diw_ssp0774.pdf,PDF with Reference to Variables (de)
instrument,soep-core,,,soep-core-2018-e2,,https://www.diw.de/documents/publikationen/73/diw_01.c.741025.de/diw_ssp0800.pdf,PDF with Reference to Variables (en)
instrument,soep-core,,,soep-core-2018-e3,,https://www.diw.de/documents/publikationen/73/diw_01.c.622058.de/diw_ssp0614.pdf,PDF of Field Version/Feldversion (de)
instrument,soep-core,,,soep-core-2018-e3,,https://www.diw.de/documents/publikationen/73/diw_01.c.740801.de/diw_ssp0776.pdf,PDF with Reference to Variables (de)
instrument,soep-core,,,soep-core-2018-e3,,https://www.diw.de/documents/publikationen/73/diw_01.c.741257.de/diw_ssp0801.pdf,PDF with Reference to Variables (en)
instrument,soep-core,,,soep-core-2018-e4,,https://www.diw.de/documents/publikationen/73/diw_01.c.622060.de/diw_ssp0615.pdf,PDF of Field Version/Feldversion (de)
instrument,soep-core,,,soep-core-2018-e4,,https://www.diw.de/documents/publikationen/73/diw_01.c.740861.de/diw_ssp0777.pdf,PDF with Reference to Variables (de)
instrument,soep-core,,,soep-core-2018-e4,,https://www.diw.de/documents/publikationen/73/diw_01.c.741259.de/diw_ssp0802.pdf,PDF with Reference to Variables (en)
instrument,soep-core,,,soep-core-2018-e5,,https://www.diw.de/documents/publikationen/73/diw_01.c.622063.de/diw_ssp0616.pdf,PDF of Field Version/Feldversion (de)
instrument,soep-core,,,soep-core-2018-e5,,https://www.diw.de/documents/publikationen/73/diw_01.c.740863.de/diw_ssp0778.pdf,PDF with Reference to Variables (de)
instrument,soep-core,,,soep-core-2018-e5,,https://www.diw.de/documents/publikationen/73/diw_01.c.741261.de/diw_ssp0803.pdf,PDF with Reference to Variables (en)
instrument,soep-core,,,soep-core-2018-gk,,https://www.diw.de/documents/publikationen/73/diw_01.c.622214.de/diw_ssp0620.pdf,PDF of Field Version/Feldversion (de)
instrument,soep-core,,,soep-core-2018-hh,,https://www.diw.de/documents/publikationen/73/diw_01.c.619055.de/diw_ssp0607.pdf,PDF of Field Version/Feldversion (de/en)
instrument,soep-core,,,soep-core-2018-hh,,https://www.diw.de/documents/publikationen/73/diw_01.c.740865.de/diw_ssp0779.pdf,PDF with Reference to Variables (de)
instrument,soep-core,,,soep-core-2018-hh,,https://www.diw.de/documents/publikationen/73/diw_01.c.741263.de/diw_ssp0804.pdf,PDF with Reference to Variables (en)
instrument,soep-core,,,soep-core-2018-hh-m12,,https://www.diw.de/documents/publikationen/73/diw_01.c.615980.de/diw_ssp0601.pdf,PDF of Field Version/Feldversion (de/en)
instrument,soep-core,,,soep-core-2018-ju,,https://www.diw.de/documents/publikationen/73/diw_01.c.622212.de/diw_ssp0619.pdf,PDF of Field Version/Feldversion (de)
instrument,soep-core,,,soep-core-2018-ju,,https://www.diw.de/documents/publikationen/73/diw_01.c.740871.de/diw_ssp0782.pdf,PDF with Reference to Variables (de)
instrument,soep-core,,,soep-core-2018-ju,,https://www.diw.de/documents/publikationen/73/diw_01.c.741279.de/diw_ssp0807.pdf,PDF with Reference to Variables (en)
instrument,soep-core,,,soep-core-2018-ju-m12,,https://www.diw.de/documents/publikationen/73/diw_01.c.615984.de/diw_ssp0603.pdf,PDF of Field Version/Feldversion (de)
instrument,soep-core,,,soep-core-2018-ki-m345,,https://www.diw.de/documents/publikationen/73/diw_01.c.622063.de/diw_ssp0616.pdf,PDF of Field Version/Feldversion (de)
instrument,soep-core,,,soep-core-2018-l,,https://www.diw.de/documents/publikationen/73/diw_01.c.622050.de/diw_ssp0610.pdf,PDF of Field Version/Feldversion (de)
instrument,soep-core,,,soep-core-2018-l,,https://www.diw.de/documents/publikationen/73/diw_01.c.740877.de/diw_ssp0785.pdf,PDF with Reference to Variables (de)
instrument,soep-core,,,soep-core-2018-l,,https://www.diw.de/documents/publikationen/73/diw_01.c.741285.de/diw_ssp0810.pdf,PDF with Reference to Variables (en)
instrument,soep-core,,,soep-core-2018-ll,,https://www.diw.de/documents/publikationen/73/diw_01.c.622048.de/diw_ssp0609.pdf,PDF of Field Version/Feldversion (de)
instrument,soep-core,,,soep-core-2018-ll,,https://www.diw.de/documents/publikationen/73/diw_01.c.740897.de/diw_ssp0786.pdf,PDF with Reference to Variables (de)
instrument,soep-core,,,soep-core-2018-ll,,https://www.diw.de/documents/publikationen/73/diw_01.c.741394.de/diw_ssp0811.pdf,PDF with Reference to Variables (en)
instrument,soep-core,,,soep-core-2018-pb-m12-erst,,https://www.diw.de/documents/publikationen/73/diw_01.c.615986.de/diw_ssp0604.pdf,PDF of Field Version/Feldversion (de/en)
instrument,soep-core,,,soep-core-2018-pe,,https://www.diw.de/documents/publikationen/73/diw_01.c.622046.de/diw_ssp0608.pdf,PDF of Field Version/Feldversion (de/en)
instrument,soep-core,,,soep-core-2018-pe,,https://www.diw.de/documents/publikationen/73/diw_01.c.740954.de/diw_ssp0791.pdf,PDF with Reference to Variables (de)
instrument,soep-core,,,soep-core-2018-pe,,https://www.diw.de/documents/publikationen/73/diw_01.c.741437.de/diw_ssp0816.pdf,PDF with Reference to Variables (en)
instrument,soep-core,,,soep-core-2018-pe-m12,,https://www.diw.de/documents/publikationen/73/diw_01.c.615982.de/diw_ssp0602.pdf,PDF of Field Version/Feldversion (de/en)
instrument,soep-core,,,soep-core-2018-pe-m12,,https://www.diw.de/documents/publikationen/73/diw_01.c.740901.de/diw_ssp0788.pdf,PDF with Reference to Variables (de)
instrument,soep-core,,,soep-core-2018-pe-m12,,https://www.diw.de/documents/publikationen/73/diw_01.c.741398.de/diw_ssp0813.pdf,PDF with Reference to Variables (en)
instrument,soep-core,,,soep-core-2018-pb-m345-erst,,https://www.diw.de/documents/publikationen/73/diw_01.c.740903.de/diw_ssp0789.pdf,PDF with Reference to Variables (de)
instrument,soep-core,,,soep-core-2018-pb-m345-erst,,https://www.diw.de/documents/publikationen/73/diw_01.c.741400.de/diw_ssp0814.pdf,PDF with Reference to Variables (en)
instrument,soep-core,,,soep-core-2018-pb-m345-wieder,,https://www.diw.de/documents/publikationen/73/diw_01.c.740905.de/diw_ssp0790.pdf,PDF with Reference to Variables (de)
instrument,soep-core,,,soep-core-2018-pb-m345-wieder,,https://www.diw.de/documents/publikationen/73/diw_01.c.741402.de/diw_ssp0815.pdf,PDF with Reference to Variables (en)
instrument,soep-core,,,soep-core-2018-s,,https://www.diw.de/documents/publikationen/73/diw_01.c.622208.de/diw_ssp0617.pdf,PDF of Field Version/Feldversion (de)
instrument,soep-core,,,soep-core-2018-s,,https://www.diw.de/documents/publikationen/73/diw_01.c.740958.de/diw_ssp0793.pdf,PDF with Reference to Variables (de)
instrument,soep-core,,,soep-core-2018-s,,https://www.diw.de/documents/publikationen/73/diw_01.c.741441.de/diw_ssp0818.pdf,PDF with Reference to Variables (en)
instrument,soep-core,,,soep-core-2018-s2,,https://www.diw.de/documents/publikationen/73/diw_01.c.622210.de/diw_ssp0618.pdf,PDF of Field Version/Feldversion (de)
instrument,soep-core,,,soep-core-2018-s2,,https://www.diw.de/documents/publikationen/73/diw_01.c.740960.de/diw_ssp0794.pdf,PDF with Reference to Variables (de)
instrument,soep-core,,,soep-core-2018-s2,,https://www.diw.de/documents/publikationen/73/diw_01.c.741443.de/diw_ssp0819.pdf,PDF with Reference to Variables (en)
instrument,soep-core,,,soep-core-2018-vp,,https://www.diw.de/documents/publikationen/73/diw_01.c.622052.de/diw_ssp0611.pdf,PDF of Field Version/Feldversion (de)
instrument,soep-core,,,soep-core-2018-vp,,https://www.diw.de/documents/publikationen/73/diw_01.c.740962.de/diw_ssp0795.pdf,PDF with Reference to Variables (de)
instrument,soep-core,,,soep-core-2018-vp,,https://www.diw.de/documents/publikationen/73/diw_01.c.741457.de/diw_ssp0820.pdf,PDF with Reference to Variables (en)
instrument,soep-core,,,soep-core-2019-pe,,https://www.diw.de/documents/publikationen/73/diw_01.c.807938.de/diw_ssp0909.pdf,PDF of Field Version/Feldversion (de/en)
instrument,soep-core,,,soep-core-2019-hh,,https://www.diw.de/documents/publikationen/73/diw_01.c.807936.de/diw_ssp0908.pdf,PDF of Field Version/Feldversion (de/en)
instrument,soep-core,,,soep-core-2019-ll,,https://www.diw.de/documents/publikationen/73/diw_01.c.807940.de/diw_ssp0910.pdf,PDF of Field Version/Feldversion (de/en)
instrument,soep-core,,,soep-core-2019-l,,https://www.diw.de/documents/publikationen/73/diw_01.c.808507.de/diw_ssp0911.pdf,PDF of Field Version/Feldversion (de)
instrument,soep-core,,,soep-core-2019-ju,,https://www.diw.de/documents/publikationen/73/diw_01.c.808532.de/diw_ssp0920.pdf,PDF of Field Version/Feldversion (de)
instrument,soep-core,,,soep-core-2019-s2,,https://www.diw.de/documents/publikationen/73/diw_01.c.808530.de/diw_ssp0919.pdf,PDF of Field Version/Feldversion (de)
instrument,soep-core,,,soep-core-2019-s,,https://www.diw.de/documents/publikationen/73/diw_01.c.808524.de/diw_ssp0918.pdf,PDF of Field Version/Feldversion (de)
instrument,soep-core,,,soep-core-2019-e1,,https://www.diw.de/documents/publikationen/73/diw_01.c.808513.de/diw_ssp0913.pdf,PDF of Field Version/Feldversion (de)
instrument,soep-core,,,soep-core-2019-e2,,https://www.diw.de/documents/publikationen/73/diw_01.c.808515.de/diw_ssp0914.pdf,PDF of Field Version/Feldversion (de)
instrument,soep-core,,,soep-core-2019-e3,,https://www.diw.de/documents/publikationen/73/diw_01.c.808518.de/diw_ssp0915.pdf,PDF of Field Version/Feldversion (de)
instrument,soep-core,,,soep-core-2019-e4,,https://www.diw.de/documents/publikationen/73/diw_01.c.808520.de/diw_ssp0916.pdf,PDF of Field Version/Feldversion (de)
instrument,soep-core,,,soep-core-2019-e5,,https://www.diw.de/documents/publikationen/73/diw_01.c.808522.de/diw_ssp0917.pdf,PDF of Field Version/Feldversion (de)
instrument,soep-core,,,soep-core-2019-vp,,https://www.diw.de/documents/publikationen/73/diw_01.c.808511.de/diw_ssp0912.pdf,PDF of Field Version/Feldversion (de)
instrument,soep-core,,,soep-core-2019-e4-lgb,,https://www.diw.de/documents/publikationen/73/diw_01.c.810676.de/diw_ssp0934.pdf,PDF of Field Version/Feldversion (de)
instrument,soep-core,,,soep-core-2019-s-lgb,,https://www.diw.de/documents/publikationen/73/diw_01.c.810680.de/diw_ssp0936.pdf,PDF of Field Version/Feldversion (de)
instrument,soep-core,,,soep-core-2019-e5-lgb,,https://www.diw.de/documents/publikationen/73/diw_01.c.810678.de/diw_ssp0935.pdf,PDF of Field Version/Feldversion (de)
instrument,soep-core,,,soep-core-2019-e3-lgb,,https://www.diw.de/documents/publikationen/73/diw_01.c.810674.de/diw_ssp0933.pdf,PDF of Field Version/Feldversion (de)
instrument,soep-core,,,soep-core-2019-e2-lgb,,https://www.diw.de/documents/publikationen/73/diw_01.c.810672.de/diw_ssp0932.pdf,PDF of Field Version/Feldversion (de)
instrument,soep-core,,,soep-core-2019-hh4,,https://www.diw.de/documents/publikationen/73/diw_01.c.809789.de/diw_ssp0921.pdf,PDF of Field Version/Feldversion (de/en)
instrument,soep-core,,,soep-core-2019-s2-lgb,,https://www.diw.de/documents/publikationen/73/diw_01.c.810682.de/diw_ssp0937.pdf,PDF of Field Version/Feldversion (de)
instrument,soep-core,,,soep-core-2019-hh-lgb,,https://www.diw.de/documents/publikationen/73/diw_01.c.810670.de/diw_ssp0928.pdf,PDF of Field Version/Feldversion (de/en)
instrument,soep-core,,,soep-core-2019-ll-lgb,,https://www.diw.de/documents/publikationen/73/diw_01.c.809695.de/diw_ssp0930.pdf,PDF of Field Version/Feldversion (de)
instrument,soep-core,,,soep-core-2019-e1-lgb,,https://www.diw.de/documents/publikationen/73/diw_01.c.809697.de/diw_ssp0931.pdf,PDF of Field Version/Feldversion (de)
instrument,soep-core,,,soep-core-2019-pe-lgb,,https://www.diw.de/documents/publikationen/73/diw_01.c.809693.de/diw_ssp0929.pdf,PDF of Field Version/Feldversion (de)
instrument,soep-core,,,soep-core-2019-wuma-p,,https://www.diw.de/documents/publikationen/73/diw_01.c.809679.de/diw_ssp0924.pdf,PDF of Field Version/Feldversion (de)
instrument,soep-core,,,soep-core-2019-wuma-q,,https://www.diw.de/documents/publikationen/73/diw_01.c.809677.de/diw_ssp0923.pdf,PDF of Field Version/Feldversion (de)
instrument,soep-core,,,soep-core-2019-e1-2,,https://www.diw.de/documents/publikationen/73/diw_01.c.822393.de/diw_ssp0991.pdf,PDF with Reference to Variables (de)
instrument,soep-core,,,soep-core-2019-e1-3,,https://www.diw.de/documents/publikationen/73/diw_01.c.822395.de/diw_ssp0992.pdf,PDF with Reference to Variables (de)
instrument,soep-core,,,soep-core-2019-e1-lgb,,https://www.diw.de/documents/publikationen/73/diw_01.c.822397.de/diw_ssp0993.pdf,PDF with Reference to Variables (de)
instrument,soep-core,,,soep-core-2019-e2-2,,https://www.diw.de/documents/publikationen/73/diw_01.c.822399.de/diw_ssp0994.pdf,PDF with Reference to Variables (de)
instrument,soep-core,,,soep-core-2019-e2-3,,https://www.diw.de/documents/publikationen/73/diw_01.c.822401.de/diw_ssp0995.pdf,PDF with Reference to Variables (de)
instrument,soep-core,,,soep-core-2019-e2-lgb,,https://www.diw.de/documents/publikationen/73/diw_01.c.822403.de/diw_ssp0996.pdf,PDF with Reference to Variables (de)
instrument,soep-core,,,soep-core-2019-e3-2,,https://www.diw.de/documents/publikationen/73/diw_01.c.822405.de/diw_ssp0997.pdf,PDF with Reference to Variables (de)
instrument,soep-core,,,soep-core-2019-e3-3,,https://www.diw.de/documents/publikationen/73/diw_01.c.822407.de/diw_ssp0998.pdf,PDF with Reference to Variables (de)
instrument,soep-core,,,soep-core-2019-e3-lgb,,https://www.diw.de/documents/publikationen/73/diw_01.c.822425.de/diw_ssp0999.pdf,PDF with Reference to Variables (de)
instrument,soep-core,,,soep-core-2019-e4-2,,https://www.diw.de/documents/publikationen/73/diw_01.c.822427.de/diw_ssp1000.pdf,PDF with Reference to Variables (de)
instrument,soep-core,,,soep-core-2019-e4-3,,https://www.diw.de/documents/publikationen/73/diw_01.c.822429.de/diw_ssp1001.pdf,PDF with Reference to Variables (de)
instrument,soep-core,,,soep-core-2019-e4-lgb,,https://www.diw.de/documents/publikationen/73/diw_01.c.822431.de/diw_ssp1002.pdf,PDF with Reference to Variables (de)
instrument,soep-core,,,soep-core-2019-e5-2,,https://www.diw.de/documents/publikationen/73/diw_01.c.823687.de/diw_ssp1003.pdf,PDF with Reference to Variables (de)
instrument,soep-core,,,soep-core-2019-e5-3,,https://www.diw.de/documents/publikationen/73/diw_01.c.823689.de/diw_ssp1004.pdf,PDF with Reference to Variables (de)
instrument,soep-core,,,soep-core-2019-e5-lgb,,https://www.diw.de/documents/publikationen/73/diw_01.c.823691.de/diw_ssp1005.pdf,PDF with Reference to Variables (de)
instrument,soep-core,,,soep-core-2019-hh-lgb,,https://www.diw.de/documents/publikationen/73/diw_01.c.823695.de/diw_ssp1007.pdf,PDF with Reference to Variables (de)
instrument,soep-core,,,soep-core-2019-hh-m345,,https://www.diw.de/documents/publikationen/73/diw_01.c.823697.de/diw_ssp1008.pdf,PDF with Reference to Variables (de)
instrument,soep-core,,,soep-core-2019-hh2,,https://www.diw.de/documents/publikationen/73/diw_01.c.823693.de/diw_ssp1006.pdf,PDF with Reference to Variables (de)
instrument,soep-core,,,soep-core-2019-hh3,,https://www.diw.de/documents/publikationen/73/diw_01.c.823711.de/diw_ssp1009.pdf,PDF with Reference to Variables (de)
instrument,soep-core,,,soep-core-2019-hh4,,https://www.diw.de/documents/publikationen/73/diw_01.c.823713.de/diw_ssp1010.pdf,PDF with Reference to Variables (de)
instrument,soep-core,,,soep-core-2019-ju-lgb,,https://www.diw.de/documents/publikationen/73/diw_01.c.823748.de/diw_ssp1012.pdf,PDF with Reference to Variables (de)
instrument,soep-core,,,soep-core-2019-ju-m345,,https://www.diw.de/documents/publikationen/73/diw_01.c.823765.de/diw_ssp1013.pdf,PDF with Reference to Variables (de)
instrument,soep-core,,,soep-core-2019-ju2,,https://www.diw.de/documents/publikationen/73/diw_01.c.823746.de/diw_ssp1011.pdf,PDF with Reference to Variables (de)
instrument,soep-core,,,soep-core-2019-ju3,,https://www.diw.de/documents/publikationen/73/diw_01.c.823767.de/diw_ssp1014.pdf,PDF with Reference to Variables (de)
instrument,soep-core,,,soep-core-2019-ki-m345,,https://www.diw.de/documents/publikationen/73/diw_01.c.823769.de/diw_ssp1015.pdf,PDF with Reference to Variables (de)
instrument,soep-core,,,soep-core-2019-l2,,https://www.diw.de/documents/publikationen/73/diw_01.c.823846.de/diw_ssp1016.pdf,PDF with Reference to Variables (de)
instrument,soep-core,,,soep-core-2019-l3,,https://www.diw.de/documents/publikationen/73/diw_01.c.823848.de/diw_ssp1017.pdf,PDF with Reference to Variables (de)
instrument,soep-core,,,soep-core-2019-ll-lgb,,https://www.diw.de/documents/publikationen/73/diw_01.c.823854.de/diw_ssp1020.pdf,PDF with Reference to Variables (de)
instrument,soep-core,,,soep-core-2019-ll2,,https://www.diw.de/documents/publikationen/73/diw_01.c.823850.de/diw_ssp1018.pdf,PDF with Reference to Variables (de)
instrument,soep-core,,,soep-core-2019-ll3,,https://www.diw.de/documents/publikationen/73/diw_01.c.823852.de/diw_ssp1019.pdf,PDF with Reference to Variables (de)
instrument,soep-core,,,soep-core-2019-p-m345-wieder,,https://www.diw.de/documents/publikationen/73/diw_01.c.823856.de/diw_ssp1021.pdf,PDF with Reference to Variables (de)
instrument,soep-core,,,soep-core-2019-pb-m345-erst,,https://www.diw.de/documents/publikationen/73/diw_01.c.823858.de/diw_ssp1022.pdf,PDF with Reference to Variables (de)
instrument,soep-core,,,soep-core-2019-pe-lgb,,https://www.diw.de/documents/publikationen/73/diw_01.c.823860.de/diw_ssp1023.pdf,PDF with Reference to Variables (de)
instrument,soep-core,,,soep-core-2019-pe2,,https://www.diw.de/documents/publikationen/73/diw_01.c.824201.de/diw_ssp1024.pdf,PDF with Reference to Variables (de)
instrument,soep-core,,,soep-core-2019-pe3,,https://www.diw.de/documents/publikationen/73/diw_01.c.824203.de/diw_ssp1025.pdf,PDF with Reference to Variables (de)
instrument,soep-core,,,soep-core-2019-s-2,,https://www.diw.de/documents/publikationen/73/diw_01.c.824205.de/diw_ssp1026.pdf,PDF with Reference to Variables (de)
instrument,soep-core,,,soep-core-2019-s-3,,https://www.diw.de/documents/publikationen/73/diw_01.c.824207.de/diw_ssp1027.pdf,PDF with Reference to Variables (de)
instrument,soep-core,,,soep-core-2019-s-lgb,,https://www.diw.de/documents/publikationen/73/diw_01.c.824209.de/diw_ssp1028.pdf,PDF with Reference to Variables (de)
instrument,soep-core,,,soep-core-2019-s2-2,,https://www.diw.de/documents/publikationen/73/diw_01.c.824223.de/diw_ssp1029.pdf,PDF with Reference to Variables (de)
instrument,soep-core,,,soep-core-2019-s2-3,,https://www.diw.de/documents/publikationen/73/diw_01.c.824225.de/diw_ssp1030.pdf,PDF with Reference to Variables (de)
instrument,soep-core,,,soep-core-2019-s2-lgb,,https://www.diw.de/documents/publikationen/73/diw_01.c.824240.de/diw_ssp1031.pdf,PDF with Reference to Variables (de)
instrument,soep-core,,,soep-core-2019-vp2,,https://www.diw.de/documents/publikationen/73/diw_01.c.824242.de/diw_ssp1032.pdf,PDF with Reference to Variables (de)
instrument,soep-core,,,soep-core-2019-vp3,,https://www.diw.de/documents/publikationen/73/diw_01.c.824244.de/diw_ssp1033.pdf,PDF with Reference to Variables (de)
instrument,soep-core,,,soep-core-2020-screen-m78,,https://www.diw.de/documents/publikationen/73/diw_01.c.826805.de/diw_ssp1075.pdf,PDF of Field Version/Feldversion (de)
instrument,soep-core,,,soep-core-2020-ll-m78,,https://www.diw.de/documents/publikationen/73/diw_01.c.826803.de/diw_ssp1074.pdf,PDF of Field Version/Feldversion (de)
instrument,soep-core,,,soep-core-2020-hh-m78,,https://www.diw.de/documents/publikationen/73/diw_01.c.826799.de/diw_ssp1072.pdf,PDF of Field Version/Feldversion (de)
instrument,soep-core,,,soep-core-2020-pe-m78,,https://www.diw.de/documents/publikationen/73/diw_01.c.826801.de/diw_ssp1073.pdf,PDF of Field Version/Feldversion (de)
instrument,soep-core,,,soep-core-2020-ll,,https://www.diw.de/documents/publikationen/73/diw_01.c.825409.de/diw_ssp1057.pdf,PDF of Field Version/Feldversion (de)
instrument,soep-core,,,soep-core-2020-ll,,https://www.diw.de/documents/publikationen/73/diw_01.c.826196.de/diw_ssp1070.pdf,PDF of Field Version/Feldversion (en)
instrument,soep-core,,,soep-core-2020-vp,,https://www.diw.de/documents/publikationen/73/diw_01.c.825612.de/diw_ssp1059.pdf,PDF of Field Version/Feldversion (de)
instrument,soep-core,,,soep-core-2020-s2,,https://www.diw.de/documents/publikationen/73/diw_01.c.826185.de/diw_ssp1066.pdf,PDF of Field Version/Feldversion (de)
instrument,soep-core,,,soep-core-2020-hh,,https://www.diw.de/documents/publikationen/73/diw_01.c.825405.de/diw_ssp1055.pdf,PDF of Field Version/Feldversion (de)
instrument,soep-core,,,soep-core-2020-hh,,https://www.diw.de/documents/publikationen/73/diw_01.c.826192.de/diw_ssp1068.pdf,PDF of Field Version/Feldversion (en)
instrument,soep-core,,,soep-core-2020-pe,,https://www.diw.de/documents/publikationen/73/diw_01.c.826194.de/diw_ssp1069.pdf,PDF of Field Version/Feldversion (en)
instrument,soep-core,,,soep-core-2020-ju,,https://www.diw.de/documents/publikationen/73/diw_01.c.826190.de/diw_ssp1067.pdf,PDF of Field Version/Feldversion (de)
instrument,soep-core,,,soep-core-2020-e2,,https://www.diw.de/documents/publikationen/73/diw_01.c.825616.de/diw_ssp1061.pdf,PDF of Field Version/Feldversion (de)
instrument,soep-core,,,soep-core-2020-e3,,https://www.diw.de/documents/publikationen/73/diw_01.c.825632.de/diw_ssp1062.pdf,PDF of Field Version/Feldversion (de)
instrument,soep-core,,,soep-core-2020-e4,,https://www.diw.de/documents/publikationen/73/diw_01.c.825634.de/diw_ssp1063.pdf,PDF of Field Version/Feldversion (de)
instrument,soep-core,,,soep-core-2020-e5,,https://www.diw.de/documents/publikationen/73/diw_01.c.825636.de/diw_ssp1064.pdf,PDF of Field Version/Feldversion (de)
instrument,soep-core,,,soep-core-2020-e1,,https://www.diw.de/documents/publikationen/73/diw_01.c.825614.de/diw_ssp1060.pdf,PDF of Field Version/Feldversion (de)
instrument,soep-core,,,soep-core-2020-l,,https://www.diw.de/documents/publikationen/73/diw_01.c.825609.de/diw_ssp1058.pdf,PDF of Field Version/Feldversion (de)
instrument,soep-core,,,soep-core-2020-pe,,https://www.diw.de/documents/publikationen/73/diw_01.c.825407.de/diw_ssp1056.pdf,PDF of Field Version/Feldversion (de)
instrument,soep-core,,,soep-core-2020-s,,https://www.diw.de/documents/publikationen/73/diw_01.c.825638.de/diw_ssp1065.pdf,PDF of Field Version/Feldversion (de)
instrument,soep-core,,,soep-core-2020-corona,,https://www.diw.de/documents/publikationen/73/diw_01.c.842615.de/diw_ssp1112.pdf,PDF with Reference to Variables (de)
instrument,soep-core,,,soep-core-2020-corona2,,https://www.diw.de/documents/publikationen/73/diw_01.c.842617.de/diw_ssp1113.pdf,PDF with Reference to Variables (de)
instrument,soep-core,,,soep-core-2020-corona4,,https://www.diw.de/documents/publikationen/73/diw_01.c.842619.de/diw_ssp1114.pdf,PDF with Reference to Variables (de)
instrument,soep-core,,,soep-core-2020-corona5,,https://www.diw.de/documents/publikationen/73/diw_01.c.842621.de/diw_ssp1115.pdf,PDF with Reference to Variables (de)
instrument,soep-core,,,soep-core-2020-corona7,,https://www.diw.de/documents/publikationen/73/diw_01.c.842623.de/diw_ssp1116.pdf,PDF with Reference to Variables (de)
instrument,soep-core,,,soep-core-2020-corona9,,https://www.diw.de/documents/publikationen/73/diw_01.c.842625.de/diw_ssp1117.pdf,PDF with Reference to Variables (de)
instrument,soep-core,,,soep-core-2020-corona-m36,,https://www.diw.de/documents/publikationen/73/diw_01.c.842627.de/diw_ssp1118.pdf,PDF with Reference to Variables (de)
instrument,soep-core,,,soep-core-2020-e1-2,,https://www.diw.de/documents/publikationen/73/diw_01.c.842629.de/diw_ssp1119.pdf,PDF with Reference to Variables (de)
instrument,soep-core,,,soep-core-2020-e2-2,,https://www.diw.de/documents/publikationen/73/diw_01.c.842631.de/diw_ssp1120.pdf,PDF with Reference to Variables (de)
instrument,soep-core,,,soep-core-2020-e3-2,,https://www.diw.de/documents/publikationen/73/diw_01.c.842673.de/diw_ssp1121.pdf,PDF with Reference to Variables (de)
instrument,soep-core,,,soep-core-2020-e4-2,,https://www.diw.de/documents/publikationen/73/diw_01.c.842675.de/diw_ssp1122.pdf,PDF with Reference to Variables (de)
instrument,soep-core,,,soep-core-2020-e5-2,,https://www.diw.de/documents/publikationen/73/diw_01.c.842677.de/diw_ssp1123.pdf,PDF with Reference to Variables (de)
instrument,soep-core,,,soep-core-2020-hh2,,https://www.diw.de/documents/publikationen/73/diw_01.c.842689.de/diw_ssp1124.pdf,PDF with Reference to Variables (de)
instrument,soep-core,,,soep-core-2020-hh-m78,,https://www.diw.de/documents/publikationen/73/diw_01.c.842687.de/diw_ssp1125.pdf,PDF with Reference to Variables (de)
instrument,soep-core,,,soep-core-2020-hh-m3456,,https://www.diw.de/documents/publikationen/73/diw_01.c.842692.de/diw_ssp1126.pdf,PDF with Reference to Variables (de)
instrument,soep-core,,,soep-core-2020-ju-2,,https://www.diw.de/documents/publikationen/73/diw_01.c.842694.de/diw_ssp1127.pdf,PDF with Reference to Variables (de)
instrument,soep-core,,,soep-core-2020-ju-m345,,https://www.diw.de/documents/publikationen/73/diw_01.c.842696.de/diw_ssp1128.pdf,PDF with Reference to Variables (de)
instrument,soep-core,,,soep-core-2020-ki-m345,,https://www.diw.de/documents/publikationen/73/diw_01.c.842698.de/diw_ssp1129.pdf,PDF with Reference to Variables (de)
instrument,soep-core,,,soep-core-2020-l2,,https://www.diw.de/documents/publikationen/73/diw_01.c.842700.de/diw_ssp1130.pdf,PDF with Reference to Variables (de)
instrument,soep-core,,,soep-core-2020-ll2,,https://www.diw.de/documents/publikationen/73/diw_01.c.842702.de/diw_ssp1131.pdf,PDF with Reference to Variables (de)
instrument,soep-core,,,soep-core-2020-ll-m78,,https://www.diw.de/documents/publikationen/73/diw_01.c.842704.de/diw_ssp1132.pdf,PDF with Reference to Variables (de)
instrument,soep-core,,,soep-core-2020-corona,,https://www.diw.de/documents/publikationen/73/diw_01.c.842706.de/diw_ssp1133.pdf,Project and Data Documentation (en)
instrument,soep-core,,,soep-core-2020-corona2,,https://www.diw.de/documents/publikationen/73/diw_01.c.842706.de/diw_ssp1133.pdf,Project and Data Documentation (en)
instrument,soep-core,,,soep-core-2020-corona2,,https://www.diw.de/documents/publikationen/73/diw_01.c.869218.de/diw_ssp1248.pdf,PDF with Reference to Variables (en)
instrument,soep-core,,,soep-core-2020-corona4,,https://www.diw.de/documents/publikationen/73/diw_01.c.842706.de/diw_ssp1133.pdf,Project and Data Documentation (en)
instrument,soep-core,,,soep-core-2020-corona4,,https://www.diw.de/documents/publikationen/73/diw_01.c.869222.de/diw_ssp1249.pdf,PDF with Reference to Variables (en)
instrument,soep-core,,,soep-core-2020-corona5,,https://www.diw.de/documents/publikationen/73/diw_01.c.842706.de/diw_ssp1133.pdf,Project and Data Documentation (en)
instrument,soep-core,,,soep-core-2020-corona5,,https://www.diw.de/documents/publikationen/73/diw_01.c.869224.de/diw_ssp1250.pdf,PDF with Reference to Variables (en)
instrument,soep-core,,,soep-core-2020-corona7,,https://www.diw.de/documents/publikationen/73/diw_01.c.842706.de/diw_ssp1133.pdf,Project and Data Documentation (en)
instrument,soep-core,,,soep-core-2020-corona7,,https://www.diw.de/documents/publikationen/73/diw_01.c.869226.de/diw_ssp1251.pdf,PDF with Reference to Variables (en)
instrument,soep-core,,,soep-core-2020-corona9,,https://www.diw.de/documents/publikationen/73/diw_01.c.842706.de/diw_ssp1133.pdf,Project and Data Documentation (en)
instrument,soep-core,,,soep-core-2020-corona9,,https://www.diw.de/documents/publikationen/73/diw_01.c.869228.de/diw_ssp1252.pdf,PDF with Reference to Variables (en)
instrument,soep-core,,,soep-core-2020-corona-m36,,https://www.diw.de/documents/publikationen/73/diw_01.c.842706.de/diw_ssp1133.pdf,Project and Data Documentation (en)
instrument,soep-core,,,soep-core-2020-pb-m3456-erst,,https://www.diw.de/documents/publikationen/73/diw_01.c.844614.de/diw_ssp1134.pdf,PDF with Reference to Variables (de)
instrument,soep-core,,,soep-core-2020-pe2,,https://www.diw.de/documents/publikationen/73/diw_01.c.844616.de/diw_ssp1135.pdf,PDF with Reference to Variables (de)
instrument,soep-core,,,soep-core-2020-pe-m78,,https://www.diw.de/documents/publikationen/73/diw_01.c.844618.de/diw_ssp1136.pdf,PDF with Reference to Variables (de)
instrument,soep-core,,,soep-core-2020-s-2,,https://www.diw.de/documents/publikationen/73/diw_01.c.844640.de/diw_ssp1137.pdf,PDF with Reference to Variables (de)
instrument,soep-core,,,soep-core-2020-s2-2,,https://www.diw.de/documents/publikationen/73/diw_01.c.844642.de/diw_ssp1138.pdf,PDF with Reference to Variables (de)
instrument,soep-core,,,soep-core-2020-vp2,,https://www.diw.de/documents/publikationen/73/diw_01.c.844644.de/diw_ssp1139.pdf,PDF with Reference to Variables (de)
instrument,soep-core,,,soep-core-2020-p-m345-wieder,,https://www.diw.de/documents/publikationen/73/diw_01.c.844646.de/diw_ssp1140.pdf,PDF with Reference to Variables (de)
instrument,soep-core,,,soep-core-2021-l,,https://www.diw.de/documents/publikationen/73/diw_01.c.866864.de/diw_ssp1193.pdf,PDF of Field Version/Feldversion (de)
instrument,soep-core,,,soep-core-2021-hh,,https://www.diw.de/documents/publikationen/73/diw_01.c.866866.de/diw_ssp1194.pdf,PDF of Field Version/Feldversion (de)
instrument,soep-core,,,soep-core-2021-pe,,https://www.diw.de/documents/publikationen/73/diw_01.c.866868.de/diw_ssp1195.pdf,PDF of Field Version/Feldversion (de)
instrument,soep-core,,,soep-core-2021-ll,,https://www.diw.de/documents/publikationen/73/diw_01.c.866870.de/diw_ssp1196.pdf,PDF of Field Version/Feldversion (de)
instrument,soep-core,,,soep-core-2021-vp,,https://www.diw.de/documents/publikationen/73/diw_01.c.866872.de/diw_ssp1197.pdf,PDF of Field Version/Feldversion (de)
instrument,soep-core,,,soep-core-2021-e1,,https://www.diw.de/documents/publikationen/73/diw_01.c.866883.de/diw_ssp1198.pdf,PDF of Field Version/Feldversion (de)
instrument,soep-core,,,soep-core-2021-e2,,https://www.diw.de/documents/publikationen/73/diw_01.c.866885.de/diw_ssp1199.pdf,PDF of Field Version/Feldversion (de)
instrument,soep-core,,,soep-core-2021-e3,,https://www.diw.de/documents/publikationen/73/diw_01.c.866887.de/diw_ssp1200.pdf,PDF of Field Version/Feldversion (de)
instrument,soep-core,,,soep-core-2021-e4,,https://www.diw.de/documents/publikationen/73/diw_01.c.866891.de/diw_ssp1201.pdf,PDF of Field Version/Feldversion (de)
instrument,soep-core,,,soep-core-2021-e5,,https://www.diw.de/documents/publikationen/73/diw_01.c.866893.de/diw_ssp1202.pdf,PDF of Field Version/Feldversion (de)
instrument,soep-core,,,soep-core-2021-s,,https://www.diw.de/documents/publikationen/73/diw_01.c.866895.de/diw_ssp1203.pdf,PDF of Field Version/Feldversion (de)
instrument,soep-core,,,soep-core-2021-s2,,https://www.diw.de/documents/publikationen/73/diw_01.c.866897.de/diw_ssp1204.pdf,PDF of Field Version/Feldversion (de)
instrument,soep-core,,,soep-core-2021-s2,,https://www.diw.de/documents/publikationen/73/diw_01.c.869522.de/diw_ssp1246.pdf,PDF of Field Version/Feldversion (en)
instrument,soep-core,,,soep-core-2021-ju,,https://www.diw.de/documents/publikationen/73/diw_01.c.866899.de/diw_ssp1205.pdf,PDF of Field Version/Feldversion (de)
instrument,soep-core,,,soep-core-2021-ju,,https://www.diw.de/documents/publikationen/73/diw_01.c.869524.de/diw_ssp1247.pdf,PDF of Field Version/Feldversion (en)
instrument,soep-core,,,soep-core-2021-hh,,https://www.diw.de/documents/publikationen/73/diw_01.c.866901.de/diw_ssp1206.pdf,PDF of Field Version/Feldversion (en)
instrument,soep-core,,,soep-core-2021-pe,,https://www.diw.de/documents/publikationen/73/diw_01.c.866903.de/diw_ssp1207.pdf,PDF of Field Version/Feldversion (en)
instrument,soep-core,,,soep-core-2021-ll,,https://www.diw.de/documents/publikationen/73/diw_01.c.866905.de/diw_ssp1208.pdf,PDF of Field Version/Feldversion (en)
instrument,soep-core,,,soep-core-2021-l,,https://www.diw.de/documents/publikationen/73/diw_01.c.867265.de/diw_ssp1209.pdf,PDF of Field Version/Feldversion (en)
instrument,soep-core,,,soep-core-2021-vp,,https://www.diw.de/documents/publikationen/73/diw_01.c.867263.de/diw_ssp1210.pdf,PDF of Field Version/Feldversion (en)
instrument,soep-core,,,soep-core-2021-e1,,https://www.diw.de/documents/publikationen/73/diw_01.c.867267.de/diw_ssp1211.pdf,PDF of Field Version/Feldversion (en)
instrument,soep-core,,,soep-core-2021-e2,,https://www.diw.de/documents/publikationen/73/diw_01.c.867269.de/diw_ssp1212.pdf,PDF of Field Version/Feldversion (en)
instrument,soep-core,,,soep-core-2021-e3,,https://www.diw.de/documents/publikationen/73/diw_01.c.867271.de/diw_ssp1213.pdf,PDF of Field Version/Feldversion (en)
instrument,soep-core,,,soep-core-2021-e4,,https://www.diw.de/documents/publikationen/73/diw_01.c.867273.de/diw_ssp1214.pdf,PDF of Field Version/Feldversion (en)
instrument,soep-core,,,soep-core-2021-e5,,https://www.diw.de/documents/publikationen/73/diw_01.c.867275.de/diw_ssp1215.pdf,PDF of Field Version/Feldversion (en)
instrument,soep-core,,,soep-core-2021-s,,https://www.diw.de/documents/publikationen/73/diw_01.c.867277.de/diw_ssp1216.pdf,PDF of Field Version/Feldversion (en)
study,soep-core,,,,,https://doi.org/10.5684/soep.core.v38o,doi:10.5684/soep.core.v38o
variable,soep-core,bhp,bhp_52_kldb2010,,,https://www.diw.de/documents/publikationen/73/diw_01.c.571239.de/diw_ssp0471.pdf,Informations on Occupational Coding (PDF)
