study,name,label,label_de,description,description_de,analysis_unit,conceptual_dataset,period,primary_key,folder,dollar_dataset,minedition
soep-core,childl,Data from integrated parents via child questionnaires (long),Daten von integrierten Eltern über Kind Fragebögen (long),Daten von integrierten Eltern über Kind Fragebögen (long),,p,Original Data,2022,pid pide syear,soepdata,none,teaching
soep-core,abroad,Data from questionnaire for individuals moved abroad,[en] ,,,p,Original Data,0,pid,soepdata,none,teaching
soep-core,ah,Data from household questionnaire 1984,Informationen aus dem Haushaltsfragebogen 1984,,,h,Original Data,1984,hid,soepdata/raw,h,teaching
soep-core,ahbrutto,Gross household data 1984,[en] ,,,h,Tracking Data,1984,hid,soepdata/raw,hbrutto,teaching
soep-core,ahgen,Generated Household Data 1984,[en] ,,,h,Generated Data,1984,hid,soepdata/raw,hgen,teaching
soep-core,akind,Data on children from household questionnaire 1984,[en] ,,,p,Original Data,1984,pid,soepdata/raw,kind,teaching
soep-core,ap,Data from individual questionnaires 1984,[en] ,,,p,Original Data,1984,pid,soepdata/raw,p,teaching
soep-core,apausl,Migrant specific questions from individual questionnaire 1984,[en] ,,,p,Original Data,1984,pid,soepdata/raw,pausl,teaching
soep-core,apbrutto,Gross individual data 1984,[en] ,,,p,Tracking Data,1984,pid,soepdata/raw,pbrutto,teaching
soep-core,apequiv,Cross-national equivalent file 1984,[en] ,,,p,Generated Data,1984,pid,soepdata/raw,pequiv,teaching
soep-core,apgen,Generated individual data 1984,[en] ,,,p,Generated Data,1984,pid,soepdata/raw,pgen,teaching
soep-core,apkal,Individual calendar 1984,[en] ,,,p,Original Data,1984,pid,soepdata/raw,pkal,teaching
soep-core,artkalen,Spell data from the activity calendar,[en] ,,,p,Spell Data,0,pid spellnr,soepdata,none,teaching
soep-core,bah,Data from household questionnaire 2010,Informationen aus dem Haushaltsfragebogen 2010,,,h,Original Data,2010,hid,soepdata/raw,h,teaching
soep-core,bahbrutto,Gross household data 2010,[en] ,,,h,Tracking Data,2010,hid,soepdata/raw,hbrutto,teaching
soep-core,bahgen,Generated Household Data 2010,[en] ,,,h,Generated Data,2010,hid,soepdata/raw,hgen,teaching
soep-core,bajugend,Data from youth questionnaire for 16-17-year-olds 2010,[en] ,,,p,Original Data,2010,pid,soepdata/raw,jugend,teaching
soep-core,bakind,Data on children from household questionnaire 2010,[en] ,,,p,Original Data,2010,pid,soepdata/raw,kind,teaching
soep-core,bap,Data from individual questionnaires 2010,[en] ,,,p,Original Data,2010,pid,soepdata/raw,p,teaching
soep-core,bapbrutto,Gross individual data 2010,[en] ,,,p,Tracking Data,2010,pid,soepdata/raw,pbrutto,teaching
soep-core,bapequiv,Cross-national equivalent file 2010,[en] ,,,p,Generated Data,2010,pid,soepdata/raw,pequiv,teaching
soep-core,bapgen,Generated individual data 2010,[en] ,,,p,Generated Data,2010,pid,soepdata/raw,pgen,teaching
soep-core,bapkal,Individual calendar 2010,[en] ,,,p,Original Data,2010,pid,soepdata/raw,pkal,teaching
soep-core,bapluecke,Data from individual catch-up questionnaire which refers to 2010,[en] ,,,p,Original Data,2011,pid,soepdata/raw,pluecke,teaching
soep-core,bavp,Data from deceased individual questionnaire 2010,[en] ,,,p,Original Data,2010,pid vpid vpnr,soepdata/raw,vp,teaching
soep-core,bbh,Data from household questionnaire 2011,Informationen aus dem Haushaltsfragebogen 2011,,,h,Original Data,2011,hid,soepdata/raw,h,teaching
soep-core,bbhbrutto,Gross household data 2011,[en] ,,,h,Tracking Data,2011,hid,soepdata/raw,hbrutto,teaching
soep-core,bbhgen,Generated Household Data 2011,[en] ,,,h,Generated Data,2011,hid,soepdata/raw,hgen,teaching
soep-core,bbjugend,Data from youth questionnaire for 16-17-year-olds 2011,[en] ,,,p,Original Data,2011,pid,soepdata/raw,jugend,teaching
soep-core,bbkind,Data on children from household questionnaire 2011,[en] ,,,p,Original Data,2011,pid,soepdata/raw,kind,teaching
soep-core,bbp,Data from individual questionnaires 2011,[en] ,,,p,Original Data,2011,pid,soepdata/raw,p,teaching
soep-core,bbpbrutto,Gross individual data 2011,[en] ,,,p,Tracking Data,2011,pid,soepdata/raw,pbrutto,teaching
soep-core,bbpequiv,Cross-national equivalent file 2011,[en] ,,,p,Generated Data,2011,pid,soepdata/raw,pequiv,teaching
soep-core,bbpgen,Generated individual data 2011,[en] ,,,p,Generated Data,2011,pid,soepdata/raw,pgen,teaching
soep-core,bbpkal,Individual calendar 2011,[en] ,,,p,Original Data,2011,pid,soepdata/raw,pkal,teaching
soep-core,bbpluecke,Data from individual catch-up questionnaire which refers to 2011,[en] ,,,p,Original Data,2012,pid,soepdata/raw,pluecke,teaching
soep-core,bbvp,Data from deceased individual questionnaire 2011,[en] ,,,p,Original Data,2011,pid vpid vpnr,soepdata/raw,vp,teaching
soep-core,bch,Data from household questionnaire 2012,Informationen aus dem Haushaltsfragebogen 2012,,,h,Original Data,2012,hid,soepdata/raw,h,teaching
soep-core,bchbrutto,Gross household data 2012,[en] ,,,h,Tracking Data,2012,hid,soepdata/raw,hbrutto,teaching
soep-core,bchgen,Generated Household Data 2012,[en] ,,,h,Generated Data,2012,hid,soepdata/raw,hgen,teaching
soep-core,bcjugend,Data from youth questionnaire for 16-17-year-olds 2012,[en] ,,,p,Original Data,2012,pid,soepdata/raw,jugend,teaching
soep-core,bckind,Data on children from household questionnaire 2012,[en] ,,,p,Original Data,2012,pid,soepdata/raw,kind,teaching
soep-core,bcp,Data from individual questionnaires 2012,[en] ,,,p,Original Data,2012,pid,soepdata/raw,p,teaching
soep-core,bcpbrutto,Gross individual data 2012,[en] ,,,p,Tracking Data,2012,pid,soepdata/raw,pbrutto,teaching
soep-core,bcpequiv,Cross-national equivalent file 2012,[en] ,,,p,Generated Data,2012,pid,soepdata/raw,pequiv,teaching
soep-core,bcpgen,Generated individual data 2012,[en] ,,,p,Generated Data,2012,pid,soepdata/raw,pgen,teaching
soep-core,bcpkal,Individual calendar 2012,[en] ,,,p,Original Data,2012,pid,soepdata/raw,pkal,teaching
soep-core,bcpluecke,Data from individual catch-up questionnaire which refers to 2012,[en] ,,,p,Original Data,2013,pid,soepdata/raw,pluecke,teaching
soep-core,bcvp,Data from deceased individual questionnaire 2012,[en] ,,,p,Original Data,2012,pid vpid vpnr,soepdata/raw,vp,teaching
soep-core,bdh,Data from household questionnaire 2013,Informationen aus dem Haushaltsfragebogen 2013,,,h,Original Data,2013,hid,soepdata/raw,h,teaching
soep-core,bdhbrutto,Gross household data 2013,[en] ,,,h,Tracking Data,2013,hid,soepdata/raw,hbrutto,teaching
soep-core,bdhgen,Generated Household Data 2013,[en] ,,,h,Generated Data,2013,hid,soepdata/raw,hgen,teaching
soep-core,bdjugend,Data from youth questionnaire for 16-17-year-olds 2013,[en] ,,,p,Original Data,2013,pid,soepdata/raw,jugend,teaching
soep-core,bdkind,Data on children from household questionnaire 2013,[en] ,,,p,Original Data,2013,pid,soepdata/raw,kind,teaching
soep-core,bdp,Data from individual questionnaires 2013,[en] ,,,p,Original Data,2013,pid,soepdata/raw,p,teaching
soep-core,bdpbrutto,Gross individual data 2013,[en] ,,,p,Tracking Data,2013,pid,soepdata/raw,pbrutto,teaching
soep-core,bdpequiv,Cross-national equivalent file 2013,[en] ,,,p,Generated Data,2013,pid,soepdata/raw,pequiv,teaching
soep-core,bdpgen,Generated individual data 2013,[en] ,,,p,Generated Data,2013,pid,soepdata/raw,pgen,teaching
soep-core,bdpkal,Individual calendar 2013,[en] ,,,p,Original Data,2013,pid,soepdata/raw,pkal,teaching
soep-core,bdpluecke,Data from individual catch-up questionnaire which refers to 2013,[en] ,,,p,Original Data,2014,pid,soepdata/raw,pluecke,teaching
soep-core,bdvp,Data from deceased individual questionnaire 2013,[en] ,,,p,Original Data,2013,pid vpid vpnr,soepdata/raw,vp,teaching
soep-core,beh,Data from household questionnaire 2014,Informationen aus dem Haushaltsfragebogen 2014,,,h,Original Data,2014,hid,soepdata/raw,h,teaching
soep-core,behbrutto,Gross household data 2014,[en] ,,,h,Tracking Data,2014,hid,soepdata/raw,hbrutto,teaching
soep-core,behgen,Generated Household Data 2014,[en] ,,,h,Generated Data,2014,hid,soepdata/raw,hgen,teaching
soep-core,bejugend,Data from youth questionnaire for 16-17-year-olds 2014,[en] ,,,p,Original Data,2014,pid,soepdata/raw,jugend,teaching
soep-core,bekind,Data on children from household questionnaire 2014,[en] ,,,p,Original Data,2014,pid,soepdata/raw,kind,teaching
soep-core,bep,Data from individual questionnaires 2014,[en] ,,,p,Original Data,2014,pid,soepdata/raw,p,teaching
soep-core,bepbrutto,Gross individual data 2014,[en] ,,,p,Tracking Data,2014,pid,soepdata/raw,pbrutto,teaching
soep-core,bepequiv,Cross-national equivalent file 2014,[en] ,,,p,Generated Data,2014,pid,soepdata/raw,pequiv,teaching
soep-core,bepgen,Generated individual data 2014,[en] ,,,p,Generated Data,2014,pid,soepdata/raw,pgen,teaching
soep-core,bepkal,Individual calendar 2014,[en] ,,,p,Original Data,2014,pid,soepdata/raw,pkal,teaching
soep-core,bepluecke,Data from individual catch-up questionnaire which refers to 2014,[en] ,,,p,Original Data,2015,pid,soepdata/raw,pluecke,teaching
soep-core,beschool,Data from pre-teen questionnaire for 11-12-year-olds 2014,[en] ,,,p,Original Data,2014,pid,soepdata/raw,school,teaching
soep-core,bevp,Data from deceased individual questionnaire 2014,[en] ,,,p,Original Data,2014,pid vpid vpnr,soepdata/raw,vp,teaching
soep-core,bfh,Data from household questionnaire 2015,Informationen aus dem Haushaltsfragebogen 2015,,,h,Original Data,2015,hid,soepdata/raw,h,teaching
soep-core,bfhbrutto,Gross household data 2015,[en] ,,,h,Tracking Data,2015,hid,soepdata/raw,hbrutto,teaching
soep-core,bfhgen,Generated Household Data 2015,[en] ,,,h,Generated Data,2015,hid,soepdata/raw,hgen,teaching
soep-core,bfjugend,Data from youth questionnaire for 16-17-year-olds 2015,[en] ,,,p,Original Data,2015,pid,soepdata/raw,jugend,teaching
soep-core,bfkind,Data on children from household questionnaire 2015,[en] ,,,p,Original Data,2015,pid,soepdata/raw,kind,teaching
soep-core,bfp,Data from individual questionnaires 2015,[en] ,,,p,Original Data,2015,pid,soepdata/raw,p,teaching
soep-core,bfpbrutto,Gross individual data 2015,[en] ,,,p,Tracking Data,2015,pid,soepdata/raw,pbrutto,teaching
soep-core,bfpequiv,Cross-national equivalent file 2015,[en] ,,,p,Generated Data,2015,pid,soepdata/raw,pequiv,teaching
soep-core,bfpgen,Generated individual data 2015,[en] ,,,p,Generated Data,2015,pid,soepdata/raw,pgen,teaching
soep-core,bfpkal,Individual calendar 2015,[en] ,,,p,Original Data,2015,pid,soepdata/raw,pkal,teaching
soep-core,bfpluecke,Data from individual catch-up questionnaire which refers to 2015,[en] ,,,p,Original Data,2016,pid,soepdata/raw,pluecke,teaching
soep-core,bfschool,Data from pre-teen questionnaire for 11-12-year-olds 2015,[en] ,,,p,Original Data,2015,pid,soepdata/raw,school,teaching
soep-core,bfvp,Data from deceased individual questionnaire 2015,[en] ,,,p,Original Data,2015,pid vpid vpnr,soepdata/raw,vp,teaching
soep-core,bgh,Data from household questionnaire 2016,Informationen aus dem Haushaltsfragebogen 2016,,,h,Original Data,2016,hid,soepdata/raw,h,teaching
soep-core,bghbrutto,Gross household data 2016,[en] ,,,h,Tracking Data,2016,hid,soepdata/raw,hbrutto,teaching
soep-core,bghgen,Generated Household Data 2016,[en] ,,,h,Generated Data,2016,hid,soepdata/raw,hgen,teaching
soep-core,bgjugend,Data from youth questionnaire for 16-17-year-olds 2016,[en] ,,,p,Original Data,2016,pid,soepdata/raw,jugend,teaching
soep-core,bgkind,Data on children from household questionnaire 2016,[en] ,,,p,Original Data,2016,pid,soepdata/raw,kind,teaching
soep-core,bgp,Data from individual questionnaires 2016,[en] ,,,p,Original Data,2016,pid,soepdata/raw,p,teaching
soep-core,bgpbrutto,Gross individual data 2016,[en] ,,,p,Tracking Data,2016,pid,soepdata/raw,pbrutto,teaching
soep-core,bgpequiv,Cross-national equivalent file 2016,[en] ,,,p,Generated Data,2016,pid,soepdata/raw,pequiv,teaching
soep-core,bgpgen,Generated individual data 2016,[en] ,,,p,Generated Data,2016,pid,soepdata/raw,pgen,teaching
soep-core,bgpkal,Individual calendar 2016,[en] ,,,p,Original Data,2016,pid,soepdata/raw,pkal,teaching
soep-core,bgpluecke,Data from individual catch-up questionnaire which refers to 2016,[en] ,,,p,Original Data,2017,pid,soepdata/raw,pluecke,teaching
soep-core,bgschool,Data from pre-teen questionnaire for 11-12-year-olds 2016,[en] ,,,p,Original Data,2016,pid,soepdata/raw,school,teaching
soep-core,bgschool2,Data from early youth questionnaire for 13-14-year-olds 2016,[en] ,,,p,Original Data,2016,pid,soepdata/raw,school2,teaching
soep-core,bgvp,Data from deceased individual questionnaire 2016,[en] ,,,p,Original Data,2016,pid vpid bgvpnr,soepdata/raw,vp,teaching
soep-core,bh,Data from household questionnaire 1985,Informationen aus dem Haushaltsfragebogen 1985,,,h,Original Data,1985,hid,soepdata/raw,h,teaching
soep-core,bhbrutto,Gross household data 1985,[en] ,,,h,Tracking Data,1985,hid,soepdata/raw,hbrutto,teaching
soep-core,bhgen,Generated Household Data 1985,[en] ,,,h,Generated Data,1985,hid,soepdata/raw,hgen,teaching
soep-core,bhh,Data from household questionnaire 2017,Informationen aus dem Haushaltsfragebogen 2017,,,h,Original Data,2017,hid,soepdata/raw,h,teaching
soep-core,bhhbrutto,Gross household data 2017,[en] ,,,h,Tracking Data,2017,hid,soepdata/raw,hbrutto,teaching
soep-core,bhhgen,Generated Household Data 2017,[en] ,,,h,Generated Data,2017,hid,soepdata/raw,hgen,teaching
soep-core,bhjugend,Data from youth questionnaire for 16-17-year-olds 2017,[en] ,,,p,Original Data,2017,pid,soepdata/raw,jugend,teaching
soep-core,bhkind,Data on children from household questionnaire 2017,[en] ,,,p,Original Data,2017,pid,soepdata/raw,kind,teaching
soep-core,bhp,Data from individual questionnaires 2017,[en] ,,,p,Original Data,2017,pid,soepdata/raw,p,teaching
soep-core,bhpbrutto,Gross individual data 2017,[en] ,,,p,Tracking Data,2017,pid,soepdata/raw,pbrutto,teaching
soep-core,bhpequiv,Cross-national equivalent file 2017,[en] ,,,p,Generated Data,2017,pid,soepdata/raw,pequiv,teaching
soep-core,bhpgen,Generated individual data 2017,[en] ,,,p,Generated Data,2017,pid,soepdata/raw,pgen,teaching
soep-core,bhpkal,Individual calendar 2017,[en] ,,,p,Original Data,2017,pid,soepdata/raw,pkal,teaching
soep-core,bhpluecke,Data from individual catch-up questionnaire which refers to 2017,[en] ,,,p,Original Data,2017,pid,soepdata/raw,pluecke,teaching
soep-core,bhschool,Data from pre-teen questionnaire for 11-12-year-olds 2017,[en] ,,,p,Original Data,2017,pid,soepdata/raw,school,teaching
soep-core,bhschool2,Data from early youth questionnaire for 13-14-year-olds 2017,[en] ,,,p,Original Data,2017,pid,soepdata/raw,school2,teaching
soep-core,bhvp,Data from deceased individual questionnaire 2017,[en] ,,,p,Original Data,2017,pid vpid bhvpnr,soepdata/raw,vp,teaching
soep-core,bih,Data from household questionnaire 2018,Informationen aus dem Haushaltsfragebogen 2018,,,h,Original Data,2018,hid,soepdata/raw,h,teaching
soep-core,bihbrutto,Gross household data 2018,[en] ,,,h,Tracking Data,2018,hid,soepdata/raw,hbrutto,teaching
soep-core,bihgen,Generated Household Data 2018,[en] ,,,h,Generated Data,2018,hid,soepdata/raw,hgen,teaching
soep-core,bijugend,Data from youth questionnaire for 16-17-year-olds 2018,[en] ,,,p,Original Data,2018,pid,soepdata/raw,jugend,teaching
soep-core,bikind,Data on children from household questionnaire 2018,[en] ,,,p,Original Data,2018,pid,soepdata/raw,kind,teaching
soep-core,bioagel,Generated biographical information,[en] ,,,p,Generated Data,0,pid pide bioage_h syear,soepdata,none,teaching
soep-core,biobirth,Generated Fertality Biography of Female and Male Respondents,Generierte Fertilitätsgeschichte weiblicher und männlicher Befragter,,,p,Generated Data,0,pid,soepdata,none,teaching
soep-core,biocouplm,Generated biographical information,[en] ,,,p,Spell Data,0,pid spellnr,soepdata,none,teaching
soep-core,biocouply,Generated biographical information,[en] ,,,p,Spell Data,0,pid spellnr,soepdata,none,teaching
soep-core,bioedu,Generated biographical information,[en] ,,,p,Generated Data,0,pid,soepdata,none,teaching
soep-core,bioimmig,Generated information on immigration history,[en] ,"The BIOIMMIG dataset comprises of a small pool of selected, and mostly generated, variables that deal with questions related to immigrants' migration history in Germany. The thematic areas concern immigrants' reasons for migrating to Germany, living conditions upon arrival, intentions to return to their country of origin, whether they have relatives in the country of origin, expectations for living in Germany and school attendance in Germany.",,p,Generated Data,0,pid syear,soepdata,none,teaching
soep-core,biojob,Generated biographical information,[en] ,,,p,Generated Data,0,pid,soepdata,none,teaching
soep-core,biol,Data from biography questionnaires (long),[en] ,Contains cumulated individual-level data from the biographical questionnaire. It is keyed on PID (Person ID) and SYEAR (Survey Year),,p,Original Data,0,pid syear,soepdata,none,teaching
soep-core,biomarsm,Generated biographical information,[en] ,,,p,Spell Data,0,pid spellnr,soepdata,none,teaching
soep-core,biomarsy,Generated biographical information,[en] ,,,p,Spell Data,0,pid spellnr,soepdata,none,teaching
soep-core,bioparen,Generated biographical information,[en] ,,,p,Generated Data,0,pid,soepdata,none,teaching
soep-core,biopupil,Generated biographical information,[en] ,,,p,Generated Data,0,pid bioage,soepdata,none,teaching
soep-core,bioregion,"Data concerning biographical important places in Germany (place of birth, first place of residence)","Datensatz mit biografisch wichtigen Orten in Deutschland (Geburtsort, Zuzugsort)",,,,Generated Data,0,pid place_type,soepdata/raw,none,teaching
soep-core,bioresidrefinG,Data concerning residence history of refugees in Germany,Datensatz mit Informationen zur Wohnorthistorie Geflüchteter in Deutschland,,,,Generated Data,0,pid kennung,soepdata/raw,none,teaching
soep-core,biosib,Generated biographical information,[en] ,,,p,Generated Data,0,pid,soepdata,none,teaching
soep-core,biotwin,Generated biographical information,[en] ,,,p,Generated Data,0,pid,soepdata,none,teaching
soep-core,bip,Data from individual questionnaires 2018,[en] ,,,p,Original Data,2018,pid,soepdata/raw,p,teaching
soep-core,bipbrutto,Gross individual data 2018,[en] ,,,p,Tracking Data,2018,pid,soepdata/raw,pbrutto,teaching
soep-core,bipequiv,Cross-national equivalent file 2018,[en] ,,,p,Generated Data,2018,pid,soepdata/raw,pequiv,teaching
soep-core,bipgen,Generated individual data 2018,[en] ,,,p,Generated Data,2018,pid,soepdata/raw,pgen,teaching
soep-core,bipkal,Individual calendar 2018,[en] ,,,p,Original Data,2018,pid,soepdata/raw,pkal,teaching
soep-core,bipluecke,Data from individual catch-up questionnaire which refers to 2018,[en] ,,,p,Original Data,2019,pid,soepdata/raw,pluecke,teaching
soep-core,bischool,Data from pre-teen questionnaire for 11-12-year-olds 2018,[en] ,,,p,Original Data,2018,pid,soepdata/raw,school,teaching
soep-core,bischool2,Data from early youth questionnaire for 13-14-year-olds 2018,[en] ,,,p,Original Data,2018,pid,soepdata/raw,school2,teaching
soep-core,bivp,Data from deceased individual questionnaire 2018,[en] ,,,p,Original Data,2018,pid vpid bivpnr,soepdata/raw,vp,teaching
soep-core,bjh,Data from household questionnaire 2019,Informationen aus dem Haushaltsfragebogen 2019,,,h,Original Data,2019,hid,soepdata/raw,h,teaching
soep-core,bjhbrutto,Gross household data 2019,[en] ,,,h,Tracking Data,2019,hid,soepdata/raw,hbrutto,teaching
soep-core,bjhgen,Generated Household Data 2019,[en] ,,,h,Generated Data,2019,hid,soepdata/raw,hgen,teaching
soep-core,bjjugend,Data from youth questionnaire for 16-17-year-olds 2019,[en] ,,,p,Original Data,2019,pid,soepdata/raw,jugend,teaching
soep-core,bjkind,Data on children from household questionnaire 2019,[en] ,,,p,Original Data,2019,pid,soepdata/raw,kind,teaching
soep-core,bjp,Data from individual questionnaires 2019,[en] ,,,p,Original Data,2019,pid,soepdata/raw,p,teaching
soep-core,bjpbrutto,Gross individual data 2019,[en] ,,,p,Tracking Data,2019,pid,soepdata/raw,pbrutto,teaching
soep-core,bjpequiv,Cross-national equivalent file 2019,[en] ,,,p,Generated Data,2019,pid,soepdata/raw,pequiv,teaching
soep-core,bjpgen,Generated individual data 2019,[en] ,,,p,Generated Data,2019,pid,soepdata/raw,pgen,teaching
soep-core,bjpkal,Individual calendar 2019,[en] ,,,p,Original Data,2019,pid,soepdata/raw,pkal,teaching
soep-core,bjpluecke,Data from individual catch-up questionnaire which refers to 2019,[en] ,,,p,Original Data,2020,pid,soepdata/raw,pluecke,teaching
soep-core,bjschool,Data from pre-teen questionnaire for 11-12-year-olds 2019,[en] ,,,p,Original Data,2019,pid,soepdata/raw,school,teaching
soep-core,bjschool2,Data from early youth questionnaire for 13-14-year-olds 2019,[en] ,,,p,Original Data,2019,pid,soepdata/raw,school2,teaching
soep-core,bjvp,Data from deceased individual questionnaire 2019,[en] ,,,p,Original Data,2019,pid vpid,soepdata/raw,vp,teaching
soep-core,bkbiorki,SOEP-RKI Corona study,SOEP-RKI Corona Studie,"The dataset contains information about: “How many people have already been infected with the coronavirus, SARS-CoV-2? How many infections have gone undetected?” More information about the project can be found online at Nationwide Antibody “Study Living in Germany - Corona Monitoring” (RKI-SOEP). bkbiorki contains results of PCR and DBS tests, as well as survey content. Data on the evaluable PCR and DBS tests are available on request. The case numbers deviate from the method report, since the data set also includes follow-ups and information from persons who did not submit a valid declaration of consent was removed from the data.","Der Datensatz enthält Informationen zu: „Wie viele Menschen haben sich bereits mit dem Coronavirus SARS-CoV-2 infiziert? Wie viele Infektionen sind unentdeckt geblieben?“ Weitere Informationen zum Projekt finden Sie online unter Bundesweiter Antikörper „Studie Leben in Deutschland – Corona-Monitoring“ (RKI-SOEP).
bkbiorki enthält Ergebnisse von PCR- und DBS-Tests sowie Umfrageinhalte.
Daten zu den auswertbaren PCR- und DBS-Tests sind auf Anfrage erhältlich. Die Fallzahlen weichen vom Methodenbericht ab, da im Datensatz auch Nachgänge erfasst sind, sowie Angaben von Personen, die keine gültige Einverständniserklärung abgegeben haben, aus den Daten entfernt wurden.",p,Original Data,2008,pid date,soepdata/raw,none,teaching
soep-core,bkh,Data from household questionnaire 2020,Informationen aus dem Haushaltsfragebogen 2020,,,h,Original Data,2020,hid,soepdata/raw,h,teaching
soep-core,bkhbrutto,Gross household data 2020,[en] ,,,h,Tracking Data,2020,hid,soepdata/raw,hbrutto,teaching
soep-core,bkhgen,Generated Household Data 2020,[en] ,,,h,Generated Data,2020,hid,soepdata/raw,hgen,teaching
soep-core,bkind,Data on children from household questionnaire 1985,[en] ,,,p,Original Data,1985,pid,soepdata/raw,kind,teaching
soep-core,bkjugend,Data from youth questionnaire for 16-17-year-olds 2020,[en] ,,,p,Original Data,2020,pid,soepdata/raw,jugend,teaching
soep-core,bkkind,Data on children from household questionnaire 2020,[en] ,,,p,Original Data,2020,pid,soepdata/raw,kind,teaching
soep-core,bkp,Data from individual questionnaires 2020,[en] ,,,p,Original Data,2020,pid,soepdata/raw,p,teaching
soep-core,bkpbrutto,Gross individual data 2020,[en] ,,,p,Tracking Data,2020,pid,soepdata/raw,pbrutto,teaching
soep-core,bkpequiv,Cross-national equivalent file 2020,[en] ,,,p,Generated Data,2020,pid,soepdata/raw,pequiv,teaching
soep-core,bkpgen,Generated individual data 2020,[en] ,,,p,Generated Data,2020,pid,soepdata/raw,pgen,teaching
soep-core,bkpkal,Individual calendar 2020,[en] ,,,p,Original Data,2020,pid,soepdata/raw,pkal,teaching
soep-core,bkpluecke,Data from individual catch-up questionnaire which refers to 2020,[en] ,,,p,Original Data,2021,pid,soepdata/raw,pluecke,teaching
soep-core,bkschool,Data from pre-teen questionnaire for 11-12-year-olds 2020,[en] ,,,p,Original Data,2020,pid,soepdata/raw,school,teaching
soep-core,bkschool2,Data from early youth questionnaire for 13-14-year-olds 2020,[en] ,,,p,Original Data,2020,pid,soepdata/raw,school2,teaching
soep-core,bkvp,Data from deceased individual questionnaire 2020,[en] ,,,p,Original Data,2020,pid vpid,soepdata/raw,vp,teaching
soep-core,blcorona,Corona data from household questionnaire 2021,[en] ,,,h,Original Data,2021,pid,soepdata/raw,none,teaching
soep-core,blgkal,Individual calendar 2020 (Catch-up 2021),[en] ,,,p,Original Data,2021,pid,soepdata/raw,gkal,teaching
soep-core,blh,Data from household questionnaire 2021,Informationen aus dem Haushaltsfragebogen 2021,,,h,Original Data,2021,hid,soepdata/raw,h,teaching
soep-core,blhbrutto,Gross household data 2021,[en] ,,,h,Tracking Data,2021,hid,soepdata/raw,hbrutto,teaching
soep-core,blhgen,Generated Household Data 2021,[en] ,,,h,Generated Data,2021,hid,soepdata/raw,hgen,teaching
soep-core,bljugend,Data from youth questionnaire for 16-17-year-olds 2021,[en] ,,,p,Original Data,2021,pid,soepdata/raw,jugend,teaching
soep-core,blkind,Data on children from household questionnaire 2021,[en] ,,,p,Original Data,2021,pid,soepdata/raw,kind,teaching
soep-core,bllkal,Biographical individual calendar 2021,[en] ,,,p,Original Data,2021,pid,soepdata/raw,lkal,teaching
soep-core,blp,Data from individual questionnaires 2021,[en] ,,,p,Original Data,2021,pid,soepdata/raw,p,teaching
soep-core,blpbrutto,Gross individual data 2021,[en] ,,,p,Tracking Data,2021,pid,soepdata/raw,pbrutto,teaching
soep-core,blpgen,Generated individual data 2021,[en] ,,,p,Generated Data,2021,pid,soepdata/raw,pgen,teaching
soep-core,blpkal,Individual calendar 2021,[en] ,,,p,Original Data,2021,pid,soepdata/raw,pkal,teaching
soep-core,blschool,Data from pre-teen questionnaire for 11-12-year-olds 2021,[en] ,,,p,Original Data,2021,pid,soepdata/raw,school,teaching
soep-core,blschool2,Data from early youth questionnaire for 13-14-year-olds 2021,[en] ,,,p,Original Data,2021,pid,soepdata/raw,school2,teaching
soep-core,blvp,Data from deceased individual questionnaire 2021,[en] ,,,p,Original Data,2021,pid pid2,soepdata/raw,vp,teaching
soep-core,bp,Data from individual questionnaires 1985,[en] ,,,p,Original Data,1985,pid,soepdata/raw,p,teaching
soep-core,bpausl,Migrant specific questions from individual questionnaire 1985,[en] ,,,p,Original Data,1985,pid,soepdata/raw,pausl,teaching
soep-core,bpbrutto,Gross individual data 1985,[en] ,,,p,Tracking Data,1985,pid,soepdata/raw,pbrutto,teaching
soep-core,bpequiv,Cross-national equivalent file 1985,[en] ,,,p,Generated Data,1985,pid,soepdata/raw,pequiv,teaching
soep-core,bpgen,Generated individual data 1985,[en] ,,,p,Generated Data,1985,pid,soepdata/raw,pgen,teaching
soep-core,bpkal,Individual calendar 1985,[en] ,,,p,Original Data,1985,pid,soepdata/raw,pkal,teaching
soep-core,bpluecke,Data from individual catch-up questionnaire which refers to 1985,[en] ,,,p,Original Data,1986,pid,soepdata/raw,pluecke,teaching
soep-core,camces,"Highest Educational Qualification, Migrants Sample M1 and M2",[en] ,Computer-Assisted Measurement and Coding of Educational Qualifications in Surveys,,p,Generated Data,0,pid,soepdata,none,teaching
soep-core,ch,Data from household questionnaire 1986,Informationen aus dem Haushaltsfragebogen 1986,,,h,Original Data,1986,hid,soepdata/raw,h,teaching
soep-core,chbrutto,Gross household data 1986,[en] ,,,h,Tracking Data,1986,hid,soepdata/raw,hbrutto,teaching
soep-core,chgen,Generated Household Data 1986,[en] ,,,h,Generated Data,1986,hid,soepdata/raw,hgen,teaching
soep-core,cirdef,Random groups,[en] ,,,h,Survey Data,0,cid,soepdata/raw,none,teaching
soep-core,ckind,Data on children from household questionnaire 1986,[en] ,,,p,Original Data,1986,pid,soepdata/raw,kind,teaching
soep-core,cog_refu,Data on cognitive tests (Refugees),[en] ,,,p,Generated Data,0,pid,soepdata,none,teaching
soep-core,cogdj,Data on cognitive tests (Youth),[en] ,,,p,Generated Data,0,pid,soepdata,none,teaching
soep-core,cognit,Data on cognitive potential,[en] ,,,p,Generated Data,0,pid syear,soepdata,none,teaching
soep-core,cov,Data from corona questionnaires 2020,[en] ,,,p,Original Data,2020,pid syear,soepdata/raw,none,teaching
soep-core,cov_brutto,Sampling data for corona questionnaires 2020,[en] ,,,p,Tracking Data,2020,hid syear,soepdata/raw,none,teaching
soep-core,cov_contact,Contact data for corona questionnaires 2020,[en] ,,,,Tracking Data,2020,hid ContactDate,soepdata/raw,none,teaching
soep-core,cp,Data from individual questionnaires 1986,[en] ,,,p,Original Data,1986,pid,soepdata/raw,p,teaching
soep-core,cpausl,Migrant specific questions from individual questionnaire 1986,[en] ,,,p,Original Data,1986,pid,soepdata/raw,pausl,teaching
soep-core,cpbrutto,Gross individual data 1986,[en] ,,,p,Tracking Data,1986,pid,soepdata/raw,pbrutto,teaching
soep-core,cpequiv,Cross-national equivalent file 1986,[en] ,,,p,Generated Data,1986,pid,soepdata/raw,pequiv,teaching
soep-core,cpgen,Generated individual data 1986,[en] ,,,p,Generated Data,1986,pid,soepdata/raw,pgen,teaching
soep-core,cpkal,Individual calendar 1986,[en] ,,,p,Original Data,1986,pid,soepdata/raw,pkal,teaching
soep-core,cpluecke,Data from individual catch-up questionnaire which refers to 1986,[en] ,,,p,Original Data,1987,pid,soepdata/raw,pluecke,teaching
soep-core,D-File,Household Register (EU-SILC-like panel data),[en] ,,,,Generated Data,0,DB010 DB030,soepdata/eu-silc-like-panel,none,eu
soep-core,ddr18,Data from,[en] ,,,p,Original Data,2018,pid,soepdata/raw,none,teaching
soep-core,design,Survey design,[en] ,,,h,Survey Data,0,cid,soepdata,none,teaching
soep-core,dh,Data from household questionnaire 1987,Informationen aus dem Haushaltsfragebogen 1987,,,h,Original Data,1987,hid,soepdata/raw,h,teaching
soep-core,dhbrutto,Gross household data 1987,[en] ,,,h,Tracking Data,1987,hid,soepdata/raw,hbrutto,teaching
soep-core,dhgen,Generated Household Data 1987,[en] ,,,h,Generated Data,1987,hid,soepdata/raw,hgen,teaching
soep-core,dkind,Data on children from household questionnaire 1987,[en] ,,,p,Original Data,1987,pid,soepdata/raw,kind,teaching
soep-core,dp,Data from individual questionnaires 1987,[en] ,,,p,Original Data,1987,pid,soepdata/raw,p,teaching
soep-core,dpausl,Migrant specific questions from individual questionnaire 1987,[en] ,,,p,Original Data,1987,pid,soepdata/raw,pausl,teaching
soep-core,dpbrutto,Gross individual data 1987,[en] ,,,p,Tracking Data,1987,pid,soepdata/raw,pbrutto,teaching
soep-core,dpequiv,Cross-national equivalent file 1987,[en] ,,,p,Generated Data,1987,pid,soepdata/raw,pequiv,teaching
soep-core,dpgen,Generated individual data 1987,[en] ,,,p,Generated Data,1987,pid,soepdata/raw,pgen,teaching
soep-core,dpkal,Individual calendar 1987,[en] ,,,p,Original Data,1987,pid,soepdata/raw,pkal,teaching
soep-core,dpluecke,Data from individual catch-up questionnaire which refers to 1987,[en] ,,,p,Original Data,1988,pid,soepdata/raw,pluecke,teaching
soep-core,eh,Data from household questionnaire 1988,Informationen aus dem Haushaltsfragebogen 1988,,,h,Original Data,1988,hid,soepdata/raw,h,teaching
soep-core,ehbrutto,Gross household data 1988,[en] ,,,h,Tracking Data,1988,hid,soepdata/raw,hbrutto,teaching
soep-core,ehgen,Generated Household Data 1988,[en] ,,,h,Generated Data,1988,hid,soepdata/raw,hgen,teaching
soep-core,einkalen,[deprecated] Spell data on income,[en] ,,,p,Spell Data,0,pid spellnr,soepdata/raw,none,teaching
soep-core,ekind,Data on children from household questionnaire 1988,[en] ,,,p,Original Data,1988,pid,soepdata/raw,kind,teaching
soep-core,ep,Data from individual questionnaires 1988,[en] ,,,p,Original Data,1988,pid,soepdata/raw,p,teaching
soep-core,epausl,Migrant specific questions from individual questionnaire 1988,[en] ,,,p,Original Data,1988,pid,soepdata/raw,pausl,teaching
soep-core,epbrutto,Gross individual data 1988,[en] ,,,p,Tracking Data,1988,pid,soepdata/raw,pbrutto,teaching
soep-core,epequiv,Cross-national equivalent file 1988,[en] ,,,p,Generated Data,1988,pid,soepdata/raw,pequiv,teaching
soep-core,epgen,Generated individual data 1988,[en] ,,,p,Generated Data,1988,pid,soepdata/raw,pgen,teaching
soep-core,epkal,Individual calendar 1988,[en] ,,,p,Original Data,1988,pid,soepdata/raw,pkal,teaching
soep-core,epluecke,Data from individual catch-up questionnaire which refers to 1988,[en] ,,,p,Original Data,1989,pid,soepdata/raw,pluecke,teaching
soep-core,ev,First wealth module,[en] ,,,p,Original Data,1988,hid,soepdata/raw,none,teaching
soep-core,ev20,Consent on record linkage,[en] ,,,,Original Data,2020,pid,soepdata/raw,none,teaching
soep-core,exit,Cumulative drop-outs,[en] ,,,p,Survey Data,0,pid,soepdata/raw,none,teaching
soep-core,fh,Data from household questionnaire 1989,Informationen aus dem Haushaltsfragebogen 1989,,,h,Original Data,1989,hid,soepdata/raw,h,teaching
soep-core,fhbrutto,Gross household data 1989,[en] ,,,h,Tracking Data,1989,hid,soepdata/raw,hbrutto,teaching
soep-core,fhgen,Generated Household Data 1989,[en] ,,,h,Generated Data,1989,hid,soepdata/raw,hgen,teaching
soep-core,fkind,Data on children from household questionnaire 1989,[en] ,,,p,Original Data,1989,pid,soepdata/raw,kind,teaching
soep-core,fp,Data from individual questionnaires 1989,[en] ,,,p,Original Data,1989,pid,soepdata/raw,p,teaching
soep-core,fpausl,Migrant specific questions from individual questionnaire 1989,[en] ,,,p,Original Data,1989,pid,soepdata/raw,pausl,teaching
soep-core,fpbrutto,Gross individual data 1989,[en] ,,,p,Tracking Data,1989,pid,soepdata/raw,pbrutto,teaching
soep-core,fpequiv,Cross-national equivalent file 1989,[en] ,,,p,Generated Data,1989,pid,soepdata/raw,pequiv,teaching
soep-core,fpgen,Generated individual data 1989,[en] ,,,p,Generated Data,1989,pid,soepdata/raw,pgen,teaching
soep-core,fpkal,Individual calendar 1989,[en] ,,,p,Original Data,1989,pid,soepdata/raw,pkal,teaching
soep-core,fpluecke,Data from individual catch-up questionnaire which refers to 1989,[en] ,,,p,Original Data,1990,pid,soepdata/raw,pluecke,teaching
soep-core,gh,Data from household questionnaire 1990,Informationen aus dem Haushaltsfragebogen 1990,,,h,Original Data,1990,hid,soepdata/raw,h,teaching
soep-core,ghbrutto,Gross household data 1990,[en] ,,,h,Tracking Data,1990,hid,soepdata/raw,hbrutto,teaching
soep-core,ghgen,Generated Household Data 1990,[en] ,,,h,Generated Data,1990,hid,soepdata/raw,hgen,teaching
soep-core,ghost,Data from questions in household questionnaire for east germany 1990,Informationen aus dem Haushaltsfragebogen – Fragen für ostdeutsche Haushalte 1990,,,h,Original Data,1990,hid,soepdata/raw,h,teaching
soep-core,gkind,Data on children from household questionnaire 1990,[en] ,,,p,Original Data,1990,pid,soepdata/raw,kind,teaching
soep-core,gp,Data from individual questionnaires 1990,[en] ,,,p,Original Data,1990,pid,soepdata/raw,p,teaching
soep-core,gpausl,Migrant specific questions from individual questionnaire 1990,[en] ,,,p,Original Data,1990,pid,soepdata/raw,pausl,teaching
soep-core,gpbrutto,Gross individual data 1990,[en] ,,,p,Tracking Data,1990,pid,soepdata/raw,pbrutto,teaching
soep-core,gpequiv,Cross-national equivalent file 1990,[en] ,,,p,Generated Data,1990,pid,soepdata/raw,pequiv,teaching
soep-core,gpgen,Generated individual data 1990,[en] ,,,p,Generated Data,1990,pid,soepdata/raw,pgen,teaching
soep-core,gpkal,Individual calendar 1990,[en] ,,,p,Original Data,1990,pid,soepdata/raw,pkal,teaching
soep-core,gpkalost,Individual Calendar (East Germany) 1990,[en] ,,,p,Generated Data,1990,pid,soepdata/raw,kalost,teaching
soep-core,gpluecke,Data from individual catch-up questionnaire which refers to 1990,[en] ,,,p,Original Data,1991,pid,soepdata/raw,pluecke,teaching
soep-core,gpost,Data from east specific questions in indivial questionnaire 1990,[en] ,,,p,Original Data,1990,pid,soepdata/raw,post,teaching
soep-core,gripstr,Measured grip strength (left and right hand),[en] ,,,p,Generated Data,0,pid syear,soepdata,none,teaching
soep-core,H-File,Household Data (EU-SILC-like panel data),[en] ,,,,Generated Data,0,HB030 HB010,soepdata/eu-silc-like-panel,none,eu
soep-core,hbrutt,"Initial gross population (first wave, long)","Initiale Bruttostichprobe (erste Welle, long)","The dataset HBRUTT contains field information on the first waves of all surveyed samples (except for samples C and D), both for respondent and non-respondent households. Non-respondent households from first waves can only be found in this dataset. For HBRUTT all cross-sectional variables from HBRUTT$$ are used.","Der Datensatz HBRUTT enthält Feldinformationen zu den ersten Wellen von allen befragten Stichproben (außer Samples C und D), sowohl für befragte als auch für nicht befragte Haushalte. Nicht befragte Haushalte aus einer ersten Welle sind nur in diesem Datensatz zu finden. Für HBRUTT werden alle Querschnittsvariablen aus HBRUTT$$ verwendet.",h,Tracking Data,0,hid,soepdata,hbrutt,teaching
soep-core,hbrutt00,Initial gross population (first wave 2000),Initiale Bruttostichprobe (erste Welle 2000),"The datasets HBRUTT$ contain field information on the first waves of (almost) all surveyed samples in the respective year, both for respondent and non-respondent households. Non-respondent households from first waves can only be found in this dataset. All cross-sectional variables from HBRUTT$$ are used for HBRUTT.","Die Datensätze HBRUTT$ enthalten Feldinformationen zu den ersten Wellen von (fast) allen befragten Stichproben im jeweiligen Jahr, sowohl für befragte als auch für nicht befragte Haushalte. Nicht befragte Haushalte aus einer ersten Welle sind nur in diesem Datensatz zu finden. Alle Querschnittsvariablen aus HBRUTT$$ werden für HBRUTT verwendet.",h,Tracking Data,2000,hid,soepdata/raw,hbrutt,teaching
soep-core,hbrutt02,Initial gross population (first wave 2002),Initiale Bruttostichprobe (erste Welle 2002),"The datasets HBRUTT$ contain field information on the first waves of (almost) all surveyed samples in the respective year, both for respondent and non-respondent households. Non-respondent households from first waves can only be found in this dataset. All cross-sectional variables from HBRUTT$$ are used for HBRUTT.","Die Datensätze HBRUTT$ enthalten Feldinformationen zu den ersten Wellen von (fast) allen befragten Stichproben im jeweiligen Jahr, sowohl für befragte als auch für nicht befragte Haushalte. Nicht befragte Haushalte aus einer ersten Welle sind nur in diesem Datensatz zu finden. Alle Querschnittsvariablen aus HBRUTT$$ werden für HBRUTT verwendet.",h,Tracking Data,2002,hid,soepdata/raw,hbrutt,teaching
soep-core,hbrutt06,Initial gross population (first wave 2006),Initiale Bruttostichprobe (erste Welle 2006),"The datasets HBRUTT$ contain field information on the first waves of (almost) all surveyed samples in the respective year, both for respondent and non-respondent households. Non-respondent households from first waves can only be found in this dataset. All cross-sectional variables from HBRUTT$$ are used for HBRUTT.","Die Datensätze HBRUTT$ enthalten Feldinformationen zu den ersten Wellen von (fast) allen befragten Stichproben im jeweiligen Jahr, sowohl für befragte als auch für nicht befragte Haushalte. Nicht befragte Haushalte aus einer ersten Welle sind nur in diesem Datensatz zu finden. Alle Querschnittsvariablen aus HBRUTT$$ werden für HBRUTT verwendet.",h,Tracking Data,2006,hid,soepdata/raw,hbrutt,teaching
soep-core,hbrutt09,Initial gross population (first wave 2009),Initiale Bruttostichprobe (erste Welle 2009),"The datasets HBRUTT$ contain field information on the first waves of (almost) all surveyed samples in the respective year, both for respondent and non-respondent households. Non-respondent households from first waves can only be found in this dataset. All cross-sectional variables from HBRUTT$$ are used for HBRUTT.","Die Datensätze HBRUTT$ enthalten Feldinformationen zu den ersten Wellen von (fast) allen befragten Stichproben im jeweiligen Jahr, sowohl für befragte als auch für nicht befragte Haushalte. Nicht befragte Haushalte aus einer ersten Welle sind nur in diesem Datensatz zu finden. Alle Querschnittsvariablen aus HBRUTT$$ werden für HBRUTT verwendet.",h,Tracking Data,2009,hid,soepdata/raw,hbrutt,teaching
soep-core,hbrutt10,Initial gross population (first wave 2010),Initiale Bruttostichprobe (erste Welle 2010),"The datasets HBRUTT$ contain field information on the first waves of (almost) all surveyed samples in the respective year, both for respondent and non-respondent households. Non-respondent households from first waves can only be found in this dataset. All cross-sectional variables from HBRUTT$$ are used for HBRUTT.","Die Datensätze HBRUTT$ enthalten Feldinformationen zu den ersten Wellen von (fast) allen befragten Stichproben im jeweiligen Jahr, sowohl für befragte als auch für nicht befragte Haushalte. Nicht befragte Haushalte aus einer ersten Welle sind nur in diesem Datensatz zu finden. Alle Querschnittsvariablen aus HBRUTT$$ werden für HBRUTT verwendet.",h,Tracking Data,2010,hid,soepdata/raw,hbrutt,teaching
soep-core,hbrutt11,Initial gross population (first wave 2011),Initiale Bruttostichprobe (erste Welle 2011),"The datasets HBRUTT$ contain field information on the first waves of (almost) all surveyed samples in the respective year, both for respondent and non-respondent households. Non-respondent households from first waves can only be found in this dataset. All cross-sectional variables from HBRUTT$$ are used for HBRUTT.","Die Datensätze HBRUTT$ enthalten Feldinformationen zu den ersten Wellen von (fast) allen befragten Stichproben im jeweiligen Jahr, sowohl für befragte als auch für nicht befragte Haushalte. Nicht befragte Haushalte aus einer ersten Welle sind nur in diesem Datensatz zu finden. Alle Querschnittsvariablen aus HBRUTT$$ werden für HBRUTT verwendet.",h,Tracking Data,2011,hid,soepdata/raw,hbrutt,teaching
soep-core,hbrutt12,Initial gross population (first wave 2012),Initiale Bruttostichprobe (erste Welle 2012),"The datasets HBRUTT$ contain field information on the first waves of (almost) all surveyed samples in the respective year, both for respondent and non-respondent households. Non-respondent households from first waves can only be found in this dataset. All cross-sectional variables from HBRUTT$$ are used for HBRUTT.","Die Datensätze HBRUTT$ enthalten Feldinformationen zu den ersten Wellen von (fast) allen befragten Stichproben im jeweiligen Jahr, sowohl für befragte als auch für nicht befragte Haushalte. Nicht befragte Haushalte aus einer ersten Welle sind nur in diesem Datensatz zu finden. Alle Querschnittsvariablen aus HBRUTT$$ werden für HBRUTT verwendet.",h,Tracking Data,2012,hid,soepdata/raw,hbrutt,teaching
soep-core,hbrutt13,Initial gross population (first wave 2013),Initiale Bruttostichprobe (erste Welle 2013),"The datasets HBRUTT$ contain field information on the first waves of (almost) all surveyed samples in the respective year, both for respondent and non-respondent households. Non-respondent households from first waves can only be found in this dataset. All cross-sectional variables from HBRUTT$$ are used for HBRUTT.","Die Datensätze HBRUTT$ enthalten Feldinformationen zu den ersten Wellen von (fast) allen befragten Stichproben im jeweiligen Jahr, sowohl für befragte als auch für nicht befragte Haushalte. Nicht befragte Haushalte aus einer ersten Welle sind nur in diesem Datensatz zu finden. Alle Querschnittsvariablen aus HBRUTT$$ werden für HBRUTT verwendet.",h,Tracking Data,2013,hid,soepdata/raw,hbrutt,teaching
soep-core,hbrutt15,Initial gross population (first wave 2015),Initiale Bruttostichprobe (erste Welle 2015),"The datasets HBRUTT$ contain field information on the first waves of (almost) all surveyed samples in the respective year, both for respondent and non-respondent households. Non-respondent households from first waves can only be found in this dataset. All cross-sectional variables from HBRUTT$$ are used for HBRUTT.","Die Datensätze HBRUTT$ enthalten Feldinformationen zu den ersten Wellen von (fast) allen befragten Stichproben im jeweiligen Jahr, sowohl für befragte als auch für nicht befragte Haushalte. Nicht befragte Haushalte aus einer ersten Welle sind nur in diesem Datensatz zu finden. Alle Querschnittsvariablen aus HBRUTT$$ werden für HBRUTT verwendet.",h,Tracking Data,2015,hid,soepdata/raw,hbrutt,teaching
soep-core,hbrutt16,Initial gross population (first wave 2016),Initiale Bruttostichprobe (erste Welle 2016),"The datasets HBRUTT$ contain field information on the first waves of (almost) all surveyed samples in the respective year, both for respondent and non-respondent households. Non-respondent households from first waves can only be found in this dataset. All cross-sectional variables from HBRUTT$$ are used for HBRUTT.","Die Datensätze HBRUTT$ enthalten Feldinformationen zu den ersten Wellen von (fast) allen befragten Stichproben im jeweiligen Jahr, sowohl für befragte als auch für nicht befragte Haushalte. Nicht befragte Haushalte aus einer ersten Welle sind nur in diesem Datensatz zu finden. Alle Querschnittsvariablen aus HBRUTT$$ werden für HBRUTT verwendet.",h,Tracking Data,2016,hid,soepdata/raw,hbrutt,teaching
soep-core,hbrutt17,Initial gross population (first wave 2017),Initiale Bruttostichprobe (erste Welle 2017),"The datasets HBRUTT$ contain field information on the first waves of (almost) all surveyed samples in the respective year, both for respondent and non-respondent households. Non-respondent households from first waves can only be found in this dataset. All cross-sectional variables from HBRUTT$$ are used for HBRUTT.","Die Datensätze HBRUTT$ enthalten Feldinformationen zu den ersten Wellen von (fast) allen befragten Stichproben im jeweiligen Jahr, sowohl für befragte als auch für nicht befragte Haushalte. Nicht befragte Haushalte aus einer ersten Welle sind nur in diesem Datensatz zu finden. Alle Querschnittsvariablen aus HBRUTT$$ werden für HBRUTT verwendet.",h,Tracking Data,2017,hid,soepdata/raw,hbrutt,teaching
soep-core,hbrutt18,Initial gross population (first wave 2018),Initiale Bruttostichprobe (erste Welle 2018),"The datasets HBRUTT$ contain field information on the first waves of (almost) all surveyed samples in the respective year, both for respondent and non-respondent households. Non-respondent households from first waves can only be found in this dataset. All cross-sectional variables from HBRUTT$$ are used for HBRUTT.","Die Datensätze HBRUTT$ enthalten Feldinformationen zu den ersten Wellen von (fast) allen befragten Stichproben im jeweiligen Jahr, sowohl für befragte als auch für nicht befragte Haushalte. Nicht befragte Haushalte aus einer ersten Welle sind nur in diesem Datensatz zu finden. Alle Querschnittsvariablen aus HBRUTT$$ werden für HBRUTT verwendet.",h,Tracking Data,2018,hid,soepdata/raw,hbrutt,teaching
soep-core,hbrutt19,Initial gross population (first wave 2019),Initiale Bruttostichprobe (erste Welle 2019),"The datasets HBRUTT$ contain field information on the first waves of (almost) all surveyed samples in the respective year, both for respondent and non-respondent households. Non-respondent households from first waves can only be found in this dataset. All cross-sectional variables from HBRUTT$$ are used for HBRUTT.","Die Datensätze HBRUTT$ enthalten Feldinformationen zu den ersten Wellen von (fast) allen befragten Stichproben im jeweiligen Jahr, sowohl für befragte als auch für nicht befragte Haushalte. Nicht befragte Haushalte aus einer ersten Welle sind nur in diesem Datensatz zu finden. Alle Querschnittsvariablen aus HBRUTT$$ werden für HBRUTT verwendet.",h,Tracking Data,2019,hid,soepdata/raw,hbrutt,teaching
soep-core,hbrutt20,Initial gross population (first wave 2020),Initiale Bruttostichprobe (erste Welle 2020),"The datasets HBRUTT$ contain field information on the first waves of (almost) all surveyed samples in the respective year, both for respondent and non-respondent households. Non-respondent households from first waves can only be found in this dataset. All cross-sectional variables from HBRUTT$$ are used for HBRUTT.","Die Datensätze HBRUTT$ enthalten Feldinformationen zu den ersten Wellen von (fast) allen befragten Stichproben im jeweiligen Jahr, sowohl für befragte als auch für nicht befragte Haushalte. Nicht befragte Haushalte aus einer ersten Welle sind nur in diesem Datensatz zu finden. Alle Querschnittsvariablen aus HBRUTT$$ werden für HBRUTT verwendet.",h,Tracking Data,2020,hid,soepdata/raw,hbrutt,teaching
soep-core,hbrutt84,Initial gross population (first wave 1984),Initiale Bruttostichprobe (erste Welle 1984),"The datasets HBRUTT$ contain field information on the first waves of (almost) all surveyed samples in the respective year, both for respondent and non-respondent households. Non-respondent households from first waves can only be found in this dataset. All cross-sectional variables from HBRUTT$$ are used for HBRUTT.","Die Datensätze HBRUTT$ enthalten Feldinformationen zu den ersten Wellen von (fast) allen befragten Stichproben im jeweiligen Jahr, sowohl für befragte als auch für nicht befragte Haushalte. Nicht befragte Haushalte aus einer ersten Welle sind nur in diesem Datensatz zu finden. Alle Querschnittsvariablen aus HBRUTT$$ werden für HBRUTT verwendet.",h,Tracking Data,1984,hid,soepdata/raw,hbrutt,teaching
soep-core,hbrutt98,Initial gross population (first wave 1998),Initiale Bruttostichprobe (erste Welle 1998),"The datasets HBRUTT$ contain field information on the first waves of (almost) all surveyed samples in the respective year, both for respondent and non-respondent households. Non-respondent households from first waves can only be found in this dataset. All cross-sectional variables from HBRUTT$$ are used for HBRUTT.","Die Datensätze HBRUTT$ enthalten Feldinformationen zu den ersten Wellen von (fast) allen befragten Stichproben im jeweiligen Jahr, sowohl für befragte als auch für nicht befragte Haushalte. Nicht befragte Haushalte aus einer ersten Welle sind nur in diesem Datensatz zu finden. Alle Querschnittsvariablen aus HBRUTT$$ werden für HBRUTT verwendet.",h,Tracking Data,1998,hid,soepdata/raw,hbrutt,teaching
soep-core,hbrutto,Gross Household Data,[en] ,Household level data of gross sample. It is keyed on HID (Household ID) and SYEAR (Survey Year). It contains mostly information from the field process.,,h,Tracking Data,0,hid syear,soepdata,none,teaching
soep-core,hconsum,Data from household consume module,[en] ,,,h,Generated Data,0,hid,soepdata,none,teaching
soep-core,health,Data on health indicators,[en] ,,,p,Generated Data,0,pid syear,soepdata,none,teaching
soep-core,hgen,Generated Household Data,[en] ,Contains household-level generated data to ensure complete and consitent information over time. It is keyed on HID (Household ID) and SYEAR (Survey Year).,,h,Generated Data,0,hid syear,soepdata,none,teaching
soep-core,hh,Data from household questionnaire 1991,Informationen aus dem Haushaltsfragebogen 1991,,,h,Original Data,1991,hid,soepdata/raw,h,teaching
soep-core,hhbrutto,Gross household data 1991,[en] ,,,h,Tracking Data,1991,hid,soepdata/raw,hbrutto,teaching
soep-core,hhgen,Generated Household Data 1991,[en] ,,,h,Generated Data,1991,hid,soepdata/raw,hgen,teaching
soep-core,hhrf,Weighting and staying probabilities,[en] ,,,h,Survey Data,0,hid,soepdata/raw,none,teaching
soep-core,hkind,Data on children from household questionnaire 1991,[en] ,,,p,Original Data,1991,pid,soepdata/raw,kind,teaching
soep-core,hl,Data from household questionnaires (long),[en] ,Contains household-level data from the annual household questionnaire. It is keyed on HID (Household ID) and SYEAR (Survey Year),,h,Original Data,0,hid syear,soepdata,none,teaching
soep-core,housing2021,Data on residential environment,[en] ,,,h,Generated Data,2021,hid,soepdata/raw,housing,teaching
soep-core,hp,Data from individual questionnaires 1991,[en] ,,,p,Original Data,1991,pid,soepdata/raw,p,teaching
soep-core,hpath,Household Tracking File,[en] ,"Multi-wave core information and response status of each household for each year, see also HPFADL",,h,Tracking Data,0,hid,soepdata,none,teaching
soep-core,hpathl,Household Tracking File,[en] ,"Household core information and response status of each household for each year in long format. It contains one record for each household and year a houshold has been in contact with the SOEP. It is keyed on HID, the wave specific Household ID, and SYEAR, the survey year identifier. It contains the sample membership, the response status for each year, as well as the household weights, see http://www.diw.de/documents/dokumentenarchiv/17/diw_01.c.432034.de/diw_ssp0152_hpfad.pdf.",,h,Tracking Data,0,hid syear,soepdata,none,teaching
soep-core,hpausl,Migrant specific questions from individual questionnaire 1991,[en] ,,,p,Original Data,1991,pid,soepdata/raw,pausl,teaching
soep-core,hpbrutto,Gross individual data 1991,[en] ,,,p,Tracking Data,1991,pid,soepdata/raw,pbrutto,teaching
soep-core,hpequiv,Cross-national equivalent file 1991,[en] ,,,p,Generated Data,1991,pid,soepdata/raw,pequiv,teaching
soep-core,hpfad,Household Tracking File,[en] ,,,h,Tracking Data,0,hid,soepdata/raw,none,teaching
soep-core,hpgen,Generated individual data 1991,[en] ,,,p,Generated Data,1991,pid,soepdata/raw,pgen,teaching
soep-core,hpkal,Individual calendar 1991,[en] ,,,p,Original Data,1991,pid,soepdata/raw,pkal,teaching
soep-core,hpkalost,Individual Calendar (East Germany) 1991,[en] ,,,p,Generated Data,1991,pid,soepdata/raw,kalost,teaching
soep-core,hpluecke,Data from individual catch-up questionnaire which refers to 1991,[en] ,,,p,Original Data,1992,pid,soepdata/raw,pluecke,teaching
soep-core,hpost,Data from east specific questions in indivial questionnaire 1991,[en] ,,,p,Original Data,1991,pid,soepdata/raw,post,teaching
soep-core,hwealth,Wealth module,[en] ,,,h,Generated Data,0,hid syear,soepdata,none,teaching
soep-core,ih,Data from household questionnaire 1992,Informationen aus dem Haushaltsfragebogen 1992,,,h,Original Data,1992,hid,soepdata/raw,h,teaching
soep-core,ihbrutto,Gross household data 1992,[en] ,,,h,Tracking Data,1992,hid,soepdata/raw,hbrutto,teaching
soep-core,ihgen,Generated Household Data 1992,[en] ,,,h,Generated Data,1992,hid,soepdata/raw,hgen,teaching
soep-core,ikind,Data on children from household questionnaire 1992,[en] ,,,p,Original Data,1992,pid,soepdata/raw,kind,teaching
soep-core,infas360_2021,Micro geographical information based on infas 360,[en] ,,,,Generated Data,2021,hid,soepdata/raw,none,onsite
soep-core,interviewer,Data about the SOEP Interviewer,[en] ,,,p,Generated Data,0,intid syear,soepdata,none,teaching
soep-core,ip,Data from individual questionnaires 1992,[en] ,,,p,Original Data,1992,pid,soepdata/raw,p,teaching
soep-core,ipausl,Migrant specific questions from individual questionnaire 1992,[en] ,,,p,Original Data,1992,pid,soepdata/raw,pausl,teaching
soep-core,ipbrutto,Gross individual data 1992,[en] ,,,p,Tracking Data,1992,pid,soepdata/raw,pbrutto,teaching
soep-core,ipequiv,Cross-national equivalent file 1992,[en] ,,,p,Generated Data,1992,pid,soepdata/raw,pequiv,teaching
soep-core,ipgen,Generated individual data 1992,[en] ,,,p,Generated Data,1992,pid,soepdata/raw,pgen,teaching
soep-core,ipkal,Individual calendar 1992,[en] ,,,p,Original Data,1992,pid,soepdata/raw,pkal,teaching
soep-core,ipluecke,Data from individual catch-up questionnaire which refers to 1992,[en] ,,,p,Original Data,1993,pid,soepdata/raw,pluecke,teaching
soep-core,jh,Data from household questionnaire 1993,Informationen aus dem Haushaltsfragebogen 1993,,,h,Original Data,1993,hid,soepdata/raw,h,teaching
soep-core,jhbrutto,Gross household data 1993,[en] ,,,h,Tracking Data,1993,hid,soepdata/raw,hbrutto,teaching
soep-core,jhgen,Generated Household Data 1993,[en] ,,,h,Generated Data,1993,hid,soepdata/raw,hgen,teaching
soep-core,jkind,Data on children from household questionnaire 1993,[en] ,,,p,Original Data,1993,pid,soepdata/raw,kind,teaching
soep-core,jp,Data from individual questionnaires 1993,[en] ,,,p,Original Data,1993,pid,soepdata/raw,p,teaching
soep-core,jpausl,Migrant specific questions from individual questionnaire 1993,[en] ,,,p,Original Data,1993,pid,soepdata/raw,pausl,teaching
soep-core,jpbrutto,Gross individual data 1993,[en] ,,,p,Tracking Data,1993,pid,soepdata/raw,pbrutto,teaching
soep-core,jpequiv,Cross-national equivalent file 1993,[en] ,,,p,Generated Data,1993,pid,soepdata/raw,pequiv,teaching
soep-core,jpgen,Generated individual data 1993,[en] ,,,p,Generated Data,1993,pid,soepdata/raw,pgen,teaching
soep-core,jpkal,Individual calendar 1993,[en] ,,,p,Original Data,1993,pid,soepdata/raw,pkal,teaching
soep-core,jpluecke,Data from individual catch-up questionnaire which refers to 1993,[en] ,,,p,Original Data,1994,pid,soepdata/raw,pluecke,teaching
soep-core,jugendl,Data from youth questionnaires (long),[en] ,,,p,Original Data,0,pid syear,soepdata,none,teaching
soep-core,kh,Data from household questionnaire 1994,Informationen aus dem Haushaltsfragebogen 1994,,,h,Original Data,1994,hid,soepdata/raw,h,teaching
soep-core,khbrutto,Gross household data 1994,[en] ,,,h,Tracking Data,1994,hid,soepdata/raw,hbrutto,teaching
soep-core,khgen,Generated Household Data 1994,[en] ,,,h,Generated Data,1994,hid,soepdata/raw,hgen,teaching
soep-core,kidlong,Data on children,[en] ,,,p,Original Data,0,pid syear,soepdata,none,teaching
soep-core,kkind,Data on children from household questionnaire 1994,[en] ,,,p,Original Data,1994,pid,soepdata/raw,kind,teaching
soep-core,kp,Data from individual questionnaires 1994,[en] ,,,p,Original Data,1994,pid,soepdata/raw,p,teaching
soep-core,kpausl,Migrant specific questions from individual questionnaire 1994,[en] ,,,p,Original Data,1994,pid,soepdata/raw,pausl,teaching
soep-core,kpbrutto,Gross individual data 1994,[en] ,,,p,Tracking Data,1994,pid,soepdata/raw,pbrutto,teaching
soep-core,kpequiv,Cross-national equivalent file 1994,[en] ,,,p,Generated Data,1994,pid,soepdata/raw,pequiv,teaching
soep-core,kpgen,Generated individual data 1994,[en] ,,,p,Generated Data,1994,pid,soepdata/raw,pgen,teaching
soep-core,kpkal,Individual calendar 1994,[en] ,,,p,Original Data,1994,pid,soepdata/raw,pkal,teaching
soep-core,kpluecke,Data from individual catch-up questionnaire which refers to 1994,[en] ,,,p,Original Data,1995,pid,soepdata/raw,pluecke,teaching
soep-core,lee2estab,SOEP-LEE2 employer data,SOEP-LEE2 Betriebsdaten,The lee2estab dataset contains survey data collected from the employers of SOEP respondents.,"Der lee2estab Datensatz enthält Erhebungsdaten, die bei den Arbeitgebern der SOEP-Befragten erhoben wurden.",e,Original Data,0,eid syear,soepdata,none,international
soep-core,lee2person,SOEP-LEE2 pid-eid linkage file,[en] ,The lee2person dataset contains the linkage between SOEP-Core person identifiers (pid) and establishment identifiers (eid).,Der lee2person-Datensatz enthält die Verknüpfung zwischen SOEP-Core Personenidentifikator (pid) und Betriebsidentifikatoren (eid).,p,Tracking Data,0,pid eid syear,soepdata,none,international
soep-core,lee2brutto,SOEP-LEE2 gross employer data,[en] ,The lee2brutto dataset contains information about the gross establishment sample.,Der lee2brutto Datensatz enthält Informationen über die Bruttobetriebsstichprobe.,e,Tracking Data,0,eid syear,soepdata,none,international
soep-core,lh,Data from household questionnaire 1995,Informationen aus dem Haushaltsfragebogen 1995,,,h,Original Data,1995,hid,soepdata/raw,h,teaching
soep-core,lhbrutto,Gross household data 1995,[en] ,,,h,Tracking Data,1995,hid,soepdata/raw,hbrutto,teaching
soep-core,lhgen,Generated Household Data 1995,[en] ,,,h,Generated Data,1995,hid,soepdata/raw,hgen,teaching
soep-core,lifespell,Spell Information on the Pre- and Post-Survey History of SOEP-Respondents,[en] ,,,p,Spell Data,0,pid spellnr,soepdata,none,teaching
soep-core,lkind,Data on children from household questionnaire 1995,[en] ,,,p,Original Data,1995,pid,soepdata/raw,kind,teaching
soep-core,lp,Data from individual questionnaires 1995,[en] ,,,p,Original Data,1995,pid,soepdata/raw,p,teaching
soep-core,lpausl,Migrant specific questions from individual questionnaire 1995,[en] ,,,p,Original Data,1995,pid,soepdata/raw,pausl,teaching
soep-core,lpbrutto,Gross individual data 1995,[en] ,,,p,Tracking Data,1995,pid,soepdata/raw,pbrutto,teaching
soep-core,lpequiv,Cross-national equivalent file 1995,[en] ,,,p,Generated Data,1995,pid,soepdata/raw,pequiv,teaching
soep-core,lpgen,Generated individual data 1995,[en] ,,,p,Generated Data,1995,pid,soepdata/raw,pgen,teaching
soep-core,lpkal,Individual calendar 1995,[en] ,,,p,Original Data,1995,pid,soepdata/raw,pkal,teaching
soep-core,lpluecke,Data from individual catch-up questionnaire which refers to 1995,[en] ,,,p,Original Data,1996,pid,soepdata/raw,pluecke,teaching
soep-core,mh,Data from household questionnaire 1996,Informationen aus dem Haushaltsfragebogen 1996,,,h,Original Data,1996,hid,soepdata/raw,h,teaching
soep-core,mhbrutto,Gross household data 1996,[en] ,,,h,Tracking Data,1996,hid,soepdata/raw,hbrutto,teaching
soep-core,mhgen,Generated Household Data 1996,[en] ,,,h,Generated Data,1996,hid,soepdata/raw,hgen,teaching
soep-core,microm,Micro-geographical information from microm,[en] ,,,,Generated Data,0,hid syear,soepdata/raw,none,onsite
soep-core,migspell,Migration history,[en] ,"MIGSPELL is a dataset in spell-format in which only the population surveyed in the new IAB-SOEP migration sample (Sample M) is included. With the new IAB-SOEP Migration sample, migration history data was collected for the first time. This was done by means of a loop structure in the questionnaire. Two different loops were included: the one aimed at persons born abroad (i.e. migrants) and the one aimed at persons born in Germany. The dataset MIGSPELL was created in order to facilitate the use of this complex part of the questionnaire describing the migration biography of respondents. [A detailed documentation is included in the documentation about biography data in the SOEP.](http://panel.gsoep.de/soep-docs/surveypapers/diw_ssp0266.pdf#page=36)",,p,Spell Data,0,pid mignr,soepdata,none,teaching
soep-core,mihinc,Multiple imputed data on monthly household income,[en] ,,,h,Generated Data,0,hid syear mj,soepdata,none,teaching
soep-core,mkind,Data on children from household questionnaire 1996,[en] ,,,p,Original Data,1996,pid,soepdata/raw,kind,teaching
soep-core,more_docu,Data of the project “Mentoring of Refugees” (MORE),[en] ,,,,Original Data,2018,pid,soepdata,none,teaching
soep-core,more_local,Data of the project “Mentoring of Refugees” (MORE),[en] ,,,,Original Data,2018,u_id waveid,soepdata,none,teaching
soep-core,movedist,Moving distances,[en] ,,,,Generated Data,0,pid syear,soepdata/raw,none,teaching
soep-core,mp,Data from individual questionnaires 1996,[en] ,,,p,Original Data,1996,pid,soepdata/raw,p,teaching
soep-core,mpbrutto,Gross individual data 1996,[en] ,,,p,Tracking Data,1996,pid,soepdata/raw,pbrutto,teaching
soep-core,mpequiv,Cross-national equivalent file 1996,[en] ,,,p,Generated Data,1996,pid,soepdata/raw,pequiv,teaching
soep-core,mpgen,Generated individual data 1996,[en] ,,,p,Generated Data,1996,pid,soepdata/raw,pgen,teaching
soep-core,mpkal,Individual calendar 1996,[en] ,,,p,Original Data,1996,pid,soepdata/raw,pkal,teaching
soep-core,mpluecke,Data from individual catch-up questionnaire which refers to 1996,[en] ,,,p,Original Data,1997,pid,soepdata/raw,pluecke,teaching
soep-core,nh,Data from household questionnaire 1997,Informationen aus dem Haushaltsfragebogen 1997,,,h,Original Data,1997,hid,soepdata/raw,h,teaching
soep-core,nhbrutto,Gross household data 1997,[en] ,,,h,Tracking Data,1997,hid,soepdata/raw,hbrutto,teaching
soep-core,nhgen,Generated Household Data 1997,[en] ,,,h,Generated Data,1997,hid,soepdata/raw,hgen,teaching
soep-core,nkind,Data on children from household questionnaire 1997,[en] ,,,p,Original Data,1997,pid,soepdata/raw,kind,teaching
soep-core,np,Data from individual questionnaires 1997,[en] ,,,p,Original Data,1997,pid,soepdata/raw,p,teaching
soep-core,npbrutto,Gross individual data 1997,[en] ,,,p,Tracking Data,1997,pid,soepdata/raw,pbrutto,teaching
soep-core,npequiv,Cross-national equivalent file 1997,[en] ,,,p,Generated Data,1997,pid,soepdata/raw,pequiv,teaching
soep-core,npgen,Generated individual data 1997,[en] ,,,p,Generated Data,1997,pid,soepdata/raw,pgen,teaching
soep-core,npkal,Individual calendar 1997,[en] ,,,p,Original Data,1997,pid,soepdata/raw,pkal,teaching
soep-core,npluecke,Data from individual catch-up questionnaire which refers to 1997,[en] ,,,p,Original Data,1998,pid,soepdata/raw,pluecke,teaching
soep-core,oh,Data from household questionnaire 1998,Informationen aus dem Haushaltsfragebogen 1998,,,h,Original Data,1998,hid,soepdata/raw,h,teaching
soep-core,ohbrutto,Gross household data 1998,[en] ,,,h,Tracking Data,1998,hid,soepdata/raw,hbrutto,teaching
soep-core,ohgen,Generated Household Data 1998,[en] ,,,h,Generated Data,1998,hid,soepdata/raw,hgen,teaching
soep-core,okind,Data on children from household questionnaire 1998,[en] ,,,p,Original Data,1998,pid,soepdata/raw,kind,teaching
soep-core,op,Data from individual questionnaires 1998,[en] ,,,p,Original Data,1998,pid,soepdata/raw,p,teaching
soep-core,opbrutto,Gross individual data 1998,[en] ,,,p,Tracking Data,1998,pid,soepdata/raw,pbrutto,teaching
soep-core,opequiv,Cross-national equivalent file 1998,[en] ,,,p,Generated Data,1998,pid,soepdata/raw,pequiv,teaching
soep-core,opgen,Generated individual data 1998,[en] ,,,p,Generated Data,1998,pid,soepdata/raw,pgen,teaching
soep-core,opkal,Individual calendar 1998,[en] ,,,p,Original Data,1998,pid,soepdata/raw,pkal,teaching
soep-core,opluecke,Data from individual catch-up questionnaire which refers to 1998,[en] ,,,p,Original Data,1999,pid,soepdata/raw,pluecke,teaching
soep-core,P-File,Personal Data (EU-SILC-like panel data),[en] ,,,,Generated Data,0,PB030 PB010,soepdata/eu-silc-like-panel,none,eu
soep-core,pbiospe,Generated biographical information,[en] ,,,p,Spell Data,0,pid spellnr,soepdata,none,teaching
soep-core,pbr_exit,Cumulated Exit,[en] ,"Cumulated register of persons with final exit, mostly due to death or moving abroad.",,p,Tracking Data,0,pid syear,soepdata,none,teaching
soep-core,pbr_hhch,Socio-geographical information for households,[en] ,,,p,Survey Data,0,pid syear,soepdata,none,teaching
soep-core,pbrutto,Gross Individual Data,[en] ,Individual level data of gross sample. It is keyed on PID (Person ID) and SYEAR (Survey Year). It contains mostly information from the field process.,,p,Tracking Data,0,pid syear,soepdata,none,teaching
soep-core,pequiv,Cross-national equivalent file (long),[en] ,"Contains individual-level and household-level data to ensure a harmonized cross-country comparison. It is keyed on PID (Person ID) and SYEAR (Survey Year), see http://www.diw.de/documents/dokumentenarchiv/17/diw_01.c.432052.de/diw_ssp0143_pequiv.pdf.",,p,Generated Data,0,pid syear,soepdata,none,teaching
soep-core,pflege,Persons needing care within the household,[en] ,,,p,Generated Data,0,pid syear,soepdata,none,teaching
soep-core,pgen,Generated Individual Data,[en] ,Contains individual-level generated data to ensure complete and consitent information over time. It is keyed on PID (Person ID) and SYEAR (Survey Year).,,p,Generated Data,0,pid syear,soepdata,none,teaching
soep-core,ph,Data from household questionnaire 1999,Informationen aus dem Haushaltsfragebogen 1999,,,h,Original Data,1999,hid,soepdata/raw,h,teaching
soep-core,phbrutto,Gross household data 1999,[en] ,,,h,Tracking Data,1999,hid,soepdata/raw,hbrutto,teaching
soep-core,phgen,Generated Household Data 1999,[en] ,,,h,Generated Data,1999,hid,soepdata/raw,hgen,teaching
soep-core,phrf,Weighting and staying probabilities,[en] ,,,p,Survey Data,0,pid,soepdata/raw,none,teaching
soep-core,pkal,Individual calendar (long),[en] ,Contains individual-level generated data by transforming the calendar information of the individual questionnaire from condensed string format to explicit variables for each month. It is keyed on PID (Person ID) and SYEAR (Survey Year).,,p,Original Data,0,pid syear,soepdata,pkal,teaching
soep-core,pkind,Data on children from household questionnaire 1999,[en] ,,,p,Original Data,1999,pid,soepdata/raw,kind,teaching
soep-core,pl,Data from individual questionnaires (long),[en] ,Contains individual-level data for respondents by answering the annual individual questionnaire. It is keyed on PID (Person ID) and SYEAR (Survey Year),,p,Original Data,0,pid syear,soepdata,none,teaching
soep-core,plueckel,Data from catch-up questionnaires (long),[en] ,,,p,Original Data,0,pid syear,soepdata,none,teaching
soep-core,pp,Data from individual questionnaires 1999,[en] ,,,p,Original Data,1999,pid,soepdata/raw,p,teaching
soep-core,ppath,Individual Tracking File,[en] ,"Multi-wave core information and respondent status for each year, see also PPFADL",,p,Tracking Data,0,pid,soepdata,none,teaching
soep-core,ppathl,Individual Tracking File,[en] ,"Person core information and respondent status for each year in long format. It contains one record for each individual and year a person has been a member of a respondent household. It is keyed on PID, the Cross-Wave Person Identifier, and SYEAR, the survey year identifier. It contains the Household ID, and never changing individual characteristics, individual weights, as well as the response status, for that individual at each wave, see http://www.diw.de/documents/dokumentenarchiv/17/diw_01.c.432038.de/diw_ssp0150_ppfad.pdf.",,p,Tracking Data,0,pid syear,soepdata,none,teaching
soep-core,ppbrutto,Gross individual data 1999,[en] ,,,p,Tracking Data,1999,pid,soepdata/raw,pbrutto,teaching
soep-core,ppequiv,Cross-national equivalent file 1999,[en] ,,,p,Generated Data,1999,pid,soepdata/raw,pequiv,teaching
soep-core,ppfad,Individual Tracking File,[en] ,,,p,Tracking Data,0,pid,soepdata/raw,none,teaching
soep-core,ppgen,Generated individual data 1999,[en] ,,,p,Generated Data,1999,pid,soepdata/raw,pgen,teaching
soep-core,ppkal,Individual calendar 1999,[en] ,,,p,Original Data,1999,pid,soepdata/raw,pkal,teaching
soep-core,ppluecke,Data from individual catch-up questionnaire which refers to 1999,[en] ,,,p,Original Data,2000,pid,soepdata/raw,pluecke,teaching
soep-core,pwealth,Wealth module,[en] ,,,p,Generated Data,0,pid syear,soepdata,none,teaching
soep-core,qh,Data from household questionnaire 2000,Informationen aus dem Haushaltsfragebogen 2000,,,h,Original Data,2000,hid,soepdata/raw,h,teaching
soep-core,qhbrutto,Gross household data 2000,[en] ,,,h,Tracking Data,2000,hid,soepdata/raw,hbrutto,teaching
soep-core,qhgen,Generated Household Data 2000,[en] ,,,h,Generated Data,2000,hid,soepdata/raw,hgen,teaching
soep-core,qjugend,Data from youth questionnaire for 16-17-year-olds 2000,[en] ,,,p,Original Data,2000,pid,soepdata/raw,jugend,teaching
soep-core,qkind,Data on children from household questionnaire 2000,[en] ,,,p,Original Data,2000,pid,soepdata/raw,kind,teaching
soep-core,qp,Data from individual questionnaires 2000,[en] ,,,p,Original Data,2000,pid,soepdata/raw,p,teaching
soep-core,qpbrutto,Gross individual data 2000,[en] ,,,p,Tracking Data,2000,pid,soepdata/raw,pbrutto,teaching
soep-core,qpequiv,Cross-national equivalent file 2000,[en] ,,,p,Generated Data,2000,pid,soepdata/raw,pequiv,teaching
soep-core,qpgen,Generated individual data 2000,[en] ,,,p,Generated Data,2000,pid,soepdata/raw,pgen,teaching
soep-core,qpkal,Individual calendar 2000,[en] ,,,p,Original Data,2000,pid,soepdata/raw,pkal,teaching
soep-core,qpluecke,Data from individual catch-up questionnaire which refers to 2000,[en] ,,,p,Original Data,2001,pid,soepdata/raw,pluecke,teaching
soep-core,R-File,Personal Register (EU-SILC-like panel data),[en] ,,,,Generated Data,0,RB030 RB010,soepdata/eu-silc-like-panel,none,eu
soep-core,refugspell,Migration history,[en] ,"REFUGSPELL is a dataset in spell-format in which only the population surveyed in the new IAB-BAMF-SOEP refugee sample (Sample M3/M4) is included, similar to MIGSPELL. The migration history was collected by means of a loop structure in the questionnaire. The dataset REFUGSPELL was created in order to facilitate the use of this complex part of the questionnaire describing the migration biography of respondents. [A detailed documentation is included in the documentation about biography data in the SOEP.](http://www.diw.de/de/diw_02.c.238110.de/generierte_variablen.html)",,p,Spell Data,0,pid mignr,soepdata,none,teaching
soep-core,regionl,,,,,,Generated Data,0,hid syear,soepdata,none,teaching
soep-core,rh,Data from household questionnaire 2001,Informationen aus dem Haushaltsfragebogen 2001,,,h,Original Data,2001,hid,soepdata/raw,h,teaching
soep-core,rhbrutto,Gross household data 2001,[en] ,,,h,Tracking Data,2001,hid,soepdata/raw,hbrutto,teaching
soep-core,rhgen,Generated Household Data 2001,[en] ,,,h,Generated Data,2001,hid,soepdata/raw,hgen,teaching
soep-core,rjugend,Data from youth questionnaire for 16-17-year-olds 2001,[en] ,,,p,Original Data,2001,pid,soepdata/raw,jugend,teaching
soep-core,rkind,Data on children from household questionnaire 2001,[en] ,,,p,Original Data,2001,pid,soepdata/raw,kind,teaching
soep-core,rp,Data from individual questionnaires 2001,[en] ,,,p,Original Data,2001,pid,soepdata/raw,p,teaching
soep-core,rpbrutto,Gross individual data 2001,[en] ,,,p,Tracking Data,2001,pid,soepdata/raw,pbrutto,teaching
soep-core,rpequiv,Cross-national equivalent file 2001,[en] ,,,p,Generated Data,2001,pid,soepdata/raw,pequiv,teaching
soep-core,rpgen,Generated individual data 2001,[en] ,,,p,Generated Data,2001,pid,soepdata/raw,pgen,teaching
soep-core,rpkal,Individual calendar 2001,[en] ,,,p,Original Data,2001,pid,soepdata/raw,pkal,teaching
soep-core,rpluecke,Data from individual catch-up questionnaire which refers to 2001,[en] ,,,p,Original Data,2002,pid,soepdata/raw,pluecke,teaching
soep-core,sh,Data from household questionnaire 2002,Informationen aus dem Haushaltsfragebogen 2002,,,h,Original Data,2002,hid,soepdata/raw,h,teaching
soep-core,shbrutto,Gross household data 2002,[en] ,,,h,Tracking Data,2002,hid,soepdata/raw,hbrutto,teaching
soep-core,shgen,Generated Household Data 2002,[en] ,,,h,Generated Data,2002,hid,soepdata/raw,hgen,teaching
soep-core,sjugend,Data from youth questionnaire for 16-17-year-olds 2002,[en] ,,,p,Original Data,2002,pid,soepdata/raw,jugend,teaching
soep-core,skind,Data on children from household questionnaire 2002,[en] ,,,p,Original Data,2002,pid,soepdata/raw,kind,teaching
soep-core,sozkalen,[deprecated] Spell data on social benefits,[en] ,,,p,Spell Data,0,hid spellnr,soepdata/raw,none,teaching
soep-core,sp,Data from individual questionnaires 2002,[en] ,,,p,Original Data,2002,pid,soepdata/raw,p,teaching
soep-core,spbrutto,Gross individual data 2002,[en] ,,,p,Tracking Data,2002,pid,soepdata/raw,pbrutto,teaching
soep-core,spequiv,Cross-national equivalent file 2002,[en] ,,,p,Generated Data,2002,pid,soepdata/raw,pequiv,teaching
soep-core,spgen,Generated individual data 2002,[en] ,,,p,Generated Data,2002,pid,soepdata/raw,pgen,teaching
soep-core,spkal,Individual calendar 2002,[en] ,,,p,Original Data,2002,pid,soepdata/raw,pkal,teaching
soep-core,spluecke,Data from individual catch-up questionnaire which refers to 2002,[en] ,,,p,Original Data,2003,pid,soepdata/raw,pluecke,teaching
soep-core,th,Data from household questionnaire 2003,Informationen aus dem Haushaltsfragebogen 2003,,,h,Original Data,2003,hid,soepdata/raw,h,teaching
soep-core,thbrutto,Gross household data 2003,[en] ,,,h,Tracking Data,2003,hid,soepdata/raw,hbrutto,teaching
soep-core,thgen,Generated Household Data 2003,[en] ,,,h,Generated Data,2003,hid,soepdata/raw,hgen,teaching
soep-core,timepref,Experiment on time preferences,[en] ,,,p,Generated Data,0,pid,soepdata,none,teaching
soep-core,tjugend,Data from youth questionnaire for 16-17-year-olds 2003,[en] ,,,p,Original Data,2003,pid,soepdata/raw,jugend,teaching
soep-core,tkind,Data on children from household questionnaire 2003,[en] ,,,p,Original Data,2003,pid,soepdata/raw,kind,teaching
soep-core,tp,Data from individual questionnaires 2003,[en] ,,,p,Original Data,2003,pid,soepdata/raw,p,teaching
soep-core,tpbrutto,Gross individual data 2003,[en] ,,,p,Tracking Data,2003,pid,soepdata/raw,pbrutto,teaching
soep-core,tpequiv,Cross-national equivalent file 2003,[en] ,,,p,Generated Data,2003,pid,soepdata/raw,pequiv,teaching
soep-core,tpgen,Generated individual data 2003,[en] ,,,p,Generated Data,2003,pid,soepdata/raw,pgen,teaching
soep-core,tpkal,Individual calendar 2003,[en] ,,,p,Original Data,2003,pid,soepdata/raw,pkal,teaching
soep-core,tpluecke,Data from individual catch-up questionnaire which refers to 2003,[en] ,,,p,Original Data,2004,pid,soepdata/raw,pluecke,teaching
soep-core,treatment20,Configuration auf questionnaires and instruments,[en] ,,,,Generated Data,2020,pid no_of_treatment survey_year,soepdata/raw,treatment,teaching
soep-core,trust,Experiment on trust,[en] ,,,p,Generated Data,0,pid syear,soepdata,none,teaching
soep-core,uh,Data from household questionnaire 2004,Informationen aus dem Haushaltsfragebogen 2004,,,h,Original Data,2004,hid,soepdata/raw,h,teaching
soep-core,uhbrutto,Gross household data 2004,[en] ,,,h,Tracking Data,2004,hid,soepdata/raw,hbrutto,teaching
soep-core,uhgen,Generated Household Data 2004,[en] ,,,h,Generated Data,2004,hid,soepdata/raw,hgen,teaching
soep-core,ujugend,Data from youth questionnaire for 16-17-year-olds 2004,[en] ,,,p,Original Data,2004,pid,soepdata/raw,jugend,teaching
soep-core,ukind,Data on children from household questionnaire 2004,[en] ,,,p,Original Data,2004,pid,soepdata/raw,kind,teaching
soep-core,up,Data from individual questionnaires 2004,[en] ,,,p,Original Data,2004,pid,soepdata/raw,p,teaching
soep-core,upbrutto,Gross individual data 2004,[en] ,,,p,Tracking Data,2004,pid,soepdata/raw,pbrutto,teaching
soep-core,upequiv,Cross-national equivalent file 2004,[en] ,,,p,Generated Data,2004,pid,soepdata/raw,pequiv,teaching
soep-core,upgen,Generated individual data 2004,[en] ,,,p,Generated Data,2004,pid,soepdata/raw,pgen,teaching
soep-core,upkal,Individual calendar 2004,[en] ,,,p,Original Data,2004,pid,soepdata/raw,pkal,teaching
soep-core,upluecke,Data from individual catch-up questionnaire which refers to 2004,[en] ,,,p,Original Data,2005,pid,soepdata/raw,pluecke,teaching
soep-core,vh,Data from household questionnaire 2005,Informationen aus dem Haushaltsfragebogen 2005,,,h,Original Data,2005,hid,soepdata/raw,h,teaching
soep-core,vhbrutto,Gross household data 2005,[en] ,,,h,Tracking Data,2005,hid,soepdata/raw,hbrutto,teaching
soep-core,vhgen,Generated Household Data 2005,[en] ,,,h,Generated Data,2005,hid,soepdata/raw,hgen,teaching
soep-core,vjugend,Data from youth questionnaire for 16-17-year-olds 2005,[en] ,,,p,Original Data,2005,pid,soepdata/raw,jugend,teaching
soep-core,vkind,Data on children from household questionnaire 2005,[en] ,,,p,Original Data,2005,pid,soepdata/raw,kind,teaching
soep-core,vp,Data from individual questionnaires 2005,[en] ,,,p,Original Data,2005,pid,soepdata/raw,p,teaching
soep-core,vpbrutto,Gross individual data 2005,[en] ,,,p,Tracking Data,2005,pid,soepdata/raw,pbrutto,teaching
soep-core,vpequiv,Cross-national equivalent file 2005,[en] ,,,p,Generated Data,2005,pid,soepdata/raw,pequiv,teaching
soep-core,vpgen,Generated individual data 2005,[en] ,,,p,Generated Data,2005,pid,soepdata/raw,pgen,teaching
soep-core,vpkal,Individual calendar 2005,[en] ,,,p,Original Data,2005,pid,soepdata/raw,pkal,teaching
soep-core,vpl,Data from deceased individual questionnaires (long),[en] ,,,p,Original Data,0,pid vpid syear vpnr,soepdata,none,teaching
soep-core,vpluecke,Data from individual catch-up questionnaire which refers to 2005,[en] ,,,p,Original Data,2006,pid,soepdata/raw,pluecke,teaching
soep-core,wh,Data from household questionnaire 2006,Informationen aus dem Haushaltsfragebogen 2006,,,h,Original Data,2006,hid,soepdata/raw,h,teaching
soep-core,whbrutto,Gross household data 2006,[en] ,,,h,Tracking Data,2006,hid,soepdata/raw,hbrutto,teaching
soep-core,whgen,Generated Household Data 2006,[en] ,,,h,Generated Data,2006,hid,soepdata/raw,hgen,teaching
soep-core,wjugend,Data from youth questionnaire for 16-17-year-olds 2006,[en] ,,,p,Original Data,2006,pid,soepdata/raw,jugend,teaching
soep-core,wkind,Data on children from household questionnaire 2006,[en] ,,,p,Original Data,2006,pid,soepdata/raw,kind,teaching
soep-core,wp,Data from individual questionnaires 2006,[en] ,,,p,Original Data,2006,pid,soepdata/raw,p,teaching
soep-core,wpbrutto,Gross individual data 2006,[en] ,,,p,Tracking Data,2006,pid,soepdata/raw,pbrutto,teaching
soep-core,wpequiv,Cross-national equivalent file 2006,[en] ,,,p,Generated Data,2006,pid,soepdata/raw,pequiv,teaching
soep-core,wpgen,Generated individual data 2006,[en] ,,,p,Generated Data,2006,pid,soepdata/raw,pgen,teaching
soep-core,wpkal,Individual calendar 2006,[en] ,,,p,Original Data,2006,pid,soepdata/raw,pkal,teaching
soep-core,wpluecke,Data from individual catch-up questionnaire which refers to 2006,[en] ,,,p,Original Data,2007,pid,soepdata/raw,pluecke,teaching
soep-core,xh,Data from household questionnaire 2007,Informationen aus dem Haushaltsfragebogen 2007,,,h,Original Data,2007,hid,soepdata/raw,h,teaching
soep-core,xhbrutto,Gross household data 2007,[en] ,,,h,Tracking Data,2007,hid,soepdata/raw,hbrutto,teaching
soep-core,xhgen,Generated Household Data 2007,[en] ,,,h,Generated Data,2007,hid,soepdata/raw,hgen,teaching
soep-core,xjugend,Data from youth questionnaire for 16-17-year-olds 2007,[en] ,,,p,Original Data,2007,pid,soepdata/raw,jugend,teaching
soep-core,xkind,Data on children from household questionnaire 2007,[en] ,,,p,Original Data,2007,pid,soepdata/raw,kind,teaching
soep-core,xp,Data from individual questionnaires 2007,[en] ,,,p,Original Data,2007,pid,soepdata/raw,p,teaching
soep-core,xpbrutto,Gross individual data 2007,[en] ,,,p,Tracking Data,2007,pid,soepdata/raw,pbrutto,teaching
soep-core,xpequiv,Cross-national equivalent file 2007,[en] ,,,p,Generated Data,2007,pid,soepdata/raw,pequiv,teaching
soep-core,xpgen,Generated individual data 2007,[en] ,,,p,Generated Data,2007,pid,soepdata/raw,pgen,teaching
soep-core,xpkal,Individual calendar 2007,[en] ,,,p,Original Data,2007,pid,soepdata/raw,pkal,teaching
soep-core,xpluecke,Data from individual catch-up questionnaire which refers to 2007,[en] ,,,p,Original Data,2008,pid,soepdata/raw,pluecke,teaching
soep-core,yh,Data from household questionnaire 2008,Informationen aus dem Haushaltsfragebogen 2008,,,h,Original Data,2008,hid,soepdata/raw,h,teaching
soep-core,yhbrutto,Gross household data 2008,[en] ,,,h,Tracking Data,2008,hid,soepdata/raw,hbrutto,teaching
soep-core,yhgen,Generated Household Data 2008,[en] ,,,h,Generated Data,2008,hid,soepdata/raw,hgen,teaching
soep-core,yjugend,Data from youth questionnaire for 16-17-year-olds 2008,[en] ,,,p,Original Data,2008,pid,soepdata/raw,jugend,teaching
soep-core,ykind,Data on children from household questionnaire 2008,[en] ,,,p,Original Data,2008,pid,soepdata/raw,kind,teaching
soep-core,yp,Data from individual questionnaires 2008,[en] ,,,p,Original Data,2008,pid,soepdata/raw,p,teaching
soep-core,ypbrutto,Gross individual data 2008,[en] ,,,p,Tracking Data,2008,pid,soepdata/raw,pbrutto,teaching
soep-core,ypequiv,Cross-national equivalent file 2008,[en] ,,,p,Generated Data,2008,pid,soepdata/raw,pequiv,teaching
soep-core,ypgen,Generated individual data 2008,[en] ,,,p,Generated Data,2008,pid,soepdata/raw,pgen,teaching
soep-core,ypkal,Individual calendar 2008,[en] ,,,p,Original Data,2008,pid,soepdata/raw,pkal,teaching
soep-core,ypluecke,Data from individual catch-up questionnaire which refers to 2008,[en] ,,,p,Original Data,2009,pid,soepdata/raw,pluecke,teaching
soep-core,zh,Data from household questionnaire 2009,Informationen aus dem Haushaltsfragebogen 2009,,,h,Original Data,2009,hid,soepdata/raw,h,teaching
soep-core,zhbrutto,Gross household data 2009,[en] ,,,h,Tracking Data,2009,hid,soepdata/raw,hbrutto,teaching
soep-core,zhgen,Generated Household Data 2009,[en] ,,,h,Generated Data,2009,hid,soepdata/raw,hgen,teaching
soep-core,zjugend,Data from youth questionnaire for 16-17-year-olds 2009,[en] ,,,p,Original Data,2009,pid,soepdata/raw,jugend,teaching
soep-core,zkind,Data on children from household questionnaire 2009,[en] ,,,p,Original Data,2009,pid,soepdata/raw,kind,teaching
soep-core,zp,Data from individual questionnaires 2009,[en] ,,,p,Original Data,2009,pid,soepdata/raw,p,teaching
soep-core,zpbrutto,Gross individual data 2009,[en] ,,,p,Tracking Data,2009,pid,soepdata/raw,pbrutto,teaching
soep-core,zpequiv,Cross-national equivalent file 2009,[en] ,,,p,Generated Data,2009,pid,soepdata/raw,pequiv,teaching
soep-core,zpgen,Generated individual data 2009,[en] ,,,p,Generated Data,2009,pid,soepdata/raw,pgen,teaching
soep-core,zpkal,Individual calendar 2009,[en] ,,,p,Original Data,2009,pid,soepdata/raw,pkal,teaching
soep-core,zpluecke,Data from individual catch-up questionnaire which refers to 2009,[en] ,,,p,Original Data,2010,pid,soepdata/raw,pluecke,teaching
soep-core,zvp,Data from deceased individual questionnaire 2009,[en] ,,,p,Original Data,2009,pid vpid zvpnr,soepdata/raw,vp,teaching
soep-core,instrumentation,Information on the utilization of questionnaires,Instrumentendatensatz,,Verwendte Fragebögen,,Tracking Data,2021,syear hid pid pid2 instrument,soepdata,none,teaching
soep-core,selfempl,Data from self-employed surveys (long),Daten der Selbstständigenbefragungen (long),,,p,Original Data,0,pid syear,soepdata,,international
