study,name,label,label_de,description,description_de,analysis_unit,period,value,mode,type_position,type,type_de
soep-core,soep-core-2020-corona-m36,Corona 2020 (M3-M6),Corona 2020 (M3-M6),,,p,2020,,CATI,22,Corona,Corona
soep-core,soep-core-2020-corona4,Corona 2020 Round 4,Corona 2020 Tranche 4,,,p,2020,,CATI,22,Corona,Corona
soep-core,soep-core-2020-corona,Corona 2020,Corona 2020,,,p,2020,,CATI,22,Corona,Corona
soep-core,soep-core-2020-corona9,Corona 2020 Round 9,Corona 2020 Tranche 9,,,p,2020,,CATI,22,Corona,Corona
soep-core,soep-core-2020-corona2,Corona 2020 Round 2,Corona 2020 Tranche 2,,,p,2020,,CATI,22,Corona,Corona
soep-core,soep-core-2020-corona7,Corona 2020 Round 7,Corona 2020 Tranche 7,,,p,2020,,CATI,22,Corona,Corona
soep-core,soep-core-2020-corona5,Corona 2020 Round 5,Corona 2020 Tranche 5,,,p,2020,,CATI,22,Corona,Corona
soep-core,soep-core-2019-e1-3,"Mother and Child (Newborns, CAWI) 2019","Mutter und Kind (Neugeborene, CAWI) 2019",,,p,2019,175,CAWI,10,Mother and Child (Newborns),Mutter und Kind (Neugeborene)
soep-core,soep-core-2016-e1,Mother and Child (Newborns) 2016,Mutter und Kind (Neugeborene) 2016,,,p,2016,,,10,Mother and Child (Newborns),Mutter und Kind (Neugeborene)
soep-core,soep-core-2019-e1-lgb,"Mother and Child (Newborns, Q) 2019","Mutter und Kind (Neugeborene, Q) 2019",,,p,2019,176,CAPI,10,Mother and Child (Newborns),Mutter und Kind (Neugeborene)
soep-core,soep-core-2019-e1-2,"Mother and Child (Newborns, CAPI) 2019","Mutter und Kind (Neugeborene, CAPI) 2019",,,p,2019,174,CAPI,10,Mother and Child (Newborns),Mutter und Kind (Neugeborene)
soep-core,soep-core-2019-e1,"Mother and Child (Newborns, PAPI) 2019","Mutter und Kind (Neugeborene, PAPI) 2019",,,p,2019,173,PAPI,10,Mother and Child (Newborns),Mutter und Kind (Neugeborene)
soep-core,soep-core-2018-e1,"Mother and Child (Newborns, PAPI) 2018","Mutter und Kind (Neugeborene, PAPI) 2018",,,p,2018,123,PAPI,10,Mother and Child (Newborns),Mutter und Kind (Neugeborene)
soep-core,soep-core-2017-e1,"Mother and Child (Newborns, PAPI) 2017","Mutter und Kind (Neugeborene, PAPI) 2017",,,p,2017,75,PAPI,10,Mother and Child (Newborns),Mutter und Kind (Neugeborene)
soep-core,soep-core-2020-e1-2,"Mother and Child (Newborns, CAPI) 2020","Mutter und Kind (Neugeborene, CAPI) 2020",,,p,2020,236,CAPI,10,Mother and Child (Newborns),Mutter und Kind (Neugeborene)
soep-core,soep-core-2020-e1,"Mother and Child (Newborns, PAPI) 2020","Mutter und Kind (Neugeborene, PAPI) 2020",,,p,2020,231,PAPI,10,Mother and Child (Newborns),Mutter und Kind (Neugeborene)
soep-core,soep-core-2019-e2,"Mother and Child (2-3-year-olds, PAPI) 2019","Mutter und Kind (2-3 Jahre, PAPI) 2019",,,p,2019,177,PAPI,11,Mother and Child (2-3-year-olds),Mutter und Kind (2-3 Jahre)
soep-core,soep-core-2020-e2-2,"Mother and Child (2-3-year-olds, CAPI) 2020","Mutter und Kind (2-3 Jahre, CAPI) 2020",,,p,2020,237,CAPI,11,Mother and Child (2-3-year-olds),Mutter und Kind (2-3 Jahre)
soep-core,soep-core-2019-e2-lgb,"Mother and Child (2-3-year-olds, Q) 2019","Mutter und Kind (2-3 Jahre, Q) 2019","Questionnaire was used during field work, but no person answered it.","Fragebogen war im Feld, aber kein Exemplar wurde ausgefüllt.",p,2019,180,CAPI,11,Mother and Child (2-3-year-olds),Mutter und Kind (2-3 Jahre)
soep-core,soep-core-2018-e2,"Mother and Child (2-3-year-olds, PAPI) 2018","Mutter und Kind (2-3 Jahre, PAPI) 2018",,,p,2018,124,PAPI,11,Mother and Child (2-3-year-olds),Mutter und Kind (2-3 Jahre)
soep-core,soep-core-2019-e2-3,"Mother and Child (2-3-year-olds, CAWI) 2019","Mutter und Kind (2-3 Jahre, CAWI) 2019",,,p,2019,179,CAWI,11,Mother and Child (2-3-year-olds),Mutter und Kind (2-3 Jahre)
soep-core,soep-core-2016-e2,Mother and Child (2-3-year-olds) 2016,Mutter und Kind (2-3 Jahre) 2016,,,p,2016,,,11,Mother and Child (2-3-year-olds),Mutter und Kind (2-3 Jahre)
soep-core,soep-core-2019-e2-2,"Mother and Child (2-3-year-olds, CAPI) 2019","Mutter und Kind (2-3 Jahre, CAPI) 2019",,,p,2019,178,CAPI,11,Mother and Child (2-3-year-olds),Mutter und Kind (2-3 Jahre)
soep-core,soep-core-2020-e2,"Mother and Child (2-3-year-olds, PAPI) 2020","Mutter und Kind (2-3 Jahre, PAPI) 2020",,,p,2020,232,PAPI,11,Mother and Child (2-3-year-olds),Mutter und Kind (2-3 Jahre)
soep-core,soep-core-2017-e2,"Mother and Child (2-3-year-olds, PAPI) 2017","Mutter und Kind (2-3 Jahre, PAPI) 2017",,,p,2017,76,PAPI,11,Mother and Child (2-3-year-olds),Mutter und Kind (2-3 Jahre)
soep-core,soep-core-2019-e3-3,"Mother and Child (5-6-year-olds, CAWI) 2019","Mutter und Kind (5-6 Jahre, CAWI) 2019",,,p,2019,183,CAWI,12,Mother and Child (5-6-year-olds),Mutter und Kind (5-6 Jahre)
soep-core,soep-core-2019-e3,"Mother and Child (5-6-year-olds, PAPI) 2019","Mutter und Kind (5-6 Jahre, PAPI) 2019",,,p,2019,181,PAPI,12,Mother and Child (5-6-year-olds),Mutter und Kind (5-6 Jahre)
soep-core,soep-core-2020-e3-2,"Mother and Child (5-6-year-olds, CAPI) 2020","Mutter und Kind (5-6 Jahre, CAPI) 2020",,,p,2020,238,CAPI,12,Mother and Child (5-6-year-olds),Mutter und Kind (5-6 Jahre)
soep-core,soep-core-2016-e3,Mother and Child (5-6-year-olds) 2016,Mutter und Kind (5-6 Jahre) 2016,,,p,2016,,,12,Mother and Child (5-6-year-olds),Mutter und Kind (5-6 Jahre)
soep-core,soep-core-2019-e3-lgb,"Mother and Child (5-6-year-olds, Q) 2019","Mutter und Kind (5-6 Jahre, Q) 2019",,,p,2019,184,CAPI,12,Mother and Child (5-6-year-olds),Mutter und Kind (5-6 Jahre)
soep-core,soep-core-2017-e3,"Mother and Child (5-6-year-olds, PAPI) 2017","Mutter und Kind (5-6 Jahre, PAPI) 2017",,,p,2017,77,PAPI,12,Mother and Child (5-6-year-olds),Mutter und Kind (5-6 Jahre)
soep-core,soep-core-2020-e3,"Mother and Child (5-6-year-olds, PAPI) 2020","Mutter und Kind (5-6 Jahre, PAPI) 2020",,,p,2020,233,PAPI,12,Mother and Child (5-6-year-olds),Mutter und Kind (5-6 Jahre)
soep-core,soep-core-2019-e3-2,"Mother and Child (5-6-year-olds, CAPI) 2019","Mutter und Kind (5-6 Jahre, CAPI) 2019",,,p,2019,182,CAPI,12,Mother and Child (5-6-year-olds),Mutter und Kind (5-6 Jahre)
soep-core,soep-core-2018-e3,"Mother and Child (5-6-year-olds, PAPI) 2018","Mutter und Kind (5-6 Jahre, PAPI) 2018",,,p,2018,125,PAPI,12,Mother and Child (5-6-year-olds),Mutter und Kind (5-6 Jahre)
soep-core,soep-core-2017-e4,"Parents and Child (7-8-year-olds, PAPI) 2017","Eltern und Kind (7-8 Jahre, PAPI) 2017",,,p,2017,78,PAPI,13,Parents and Child (7-8-year-olds),Eltern und Kind (7-8 Jahre)
soep-core,soep-core-2016-e4,Parents and Child (7-8-year-olds) 2016,Eltern und Kind (7-8 Jahre) 2016,,,p,2016,,,13,Parents and Child (7-8-year-olds),Eltern und Kind (7-8 Jahre)
soep-core,soep-core-2019-e4-lgb,"Parents and Child (7-8-year-olds, Q) 2019","Eltern und Kind (7-8 Jahre, Q) 2019",,,p,2019,188,CAPI,13,Parents and Child (7-8-year-olds),Eltern und Kind (7-8 Jahre)
soep-core,soep-core-2018-e4,"Parents and Child (7-8-year-olds, PAPI) 2018","Eltern und Kind (7-8 Jahre, PAPI) 2018",,,p,2018,126,PAPI,13,Parents and Child (7-8-year-olds),Eltern und Kind (7-8 Jahre)
soep-core,soep-core-2019-e4-2,"Parents and Child (7-8-year-olds, CAPI) 2019","Eltern und Kind (7-8 Jahre, CAPI) 2019",,,p,2019,186,CAPI,13,Parents and Child (7-8-year-olds),Eltern und Kind (7-8 Jahre)
soep-core,soep-core-2020-e4,"Parents and Child (7-8-year-olds, PAPI) 2020","Eltern und Kind (7-8 Jahre, PAPI) 2020",,,p,2020,234,PAPI,13,Parents and Child (7-8-year-olds),Eltern und Kind (7-8 Jahre)
soep-core,soep-core-2020-e4-2,"Parents and Child (7-8-year-olds, CAPI) 2020","Eltern und Kind (7-8 Jahre, CAPI) 2020",,,p,2020,239,CAPI,13,Parents and Child (7-8-year-olds),Eltern und Kind (7-8 Jahre)
soep-core,soep-core-2019-e4-3,"Parents and Child (7-8-year-olds, CAWI) 2019","Eltern und Kind (7-8 Jahre, CAWI) 2019",,,p,2019,187,CAWI,13,Parents and Child (7-8-year-olds),Eltern und Kind (7-8 Jahre)
soep-core,soep-core-2019-e4,"Parents and Child (7-8-year-olds, PAPI) 2019","Eltern und Kind (7-8 Jahre, PAPI) 2019",,,p,2019,185,PAPI,13,Parents and Child (7-8-year-olds),Eltern und Kind (7-8 Jahre)
soep-core,soep-core-2019-e5-3,"Mother and Child (9-10-year-olds, CAWI) 2019","Mutter und Kind (9-10 Jahre, CAWI) 2019",,,p,2019,191,CAWI,14,Mother and Child (9-10-year-olds),Mutter und Kind (9-10 Jahre)
soep-core,soep-core-2016-e5,Mother and Child (9-10-year-olds) 2016,Mutter und Kind (9-10 Jahre) 2016,,,p,2016,,,14,Mother and Child (9-10-year-olds),Mutter und Kind (9-10 Jahre)
soep-core,soep-core-2019-e5-lgb,"Mother and Child (9-10-year-olds, Q) 2019","Mutter und Kind (9-10 Jahre, Q) 2019",,,p,2019,192,CAPI,14,Mother and Child (9-10-year-olds),Mutter und Kind (9-10 Jahre)
soep-core,soep-core-2017-e5,"Mother and Child (9-10-year-olds, PAPI) 2017","Mutter und Kind (9-10 Jahre, PAPI) 2017",,,p,2017,79,PAPI,14,Mother and Child (9-10-year-olds),Mutter und Kind (9-10 Jahre)
soep-core,soep-core-2020-e5,"Mother and Child (9-10-year-olds, PAPI) 2020","Mutter und Kind (9-10 Jahre, PAPI) 2020",,,p,2020,235,PAPI,14,Mother and Child (9-10-year-olds),Mutter und Kind (9-10 Jahre)
soep-core,soep-core-2018-e5,"Mother and Child (9-10-year-olds, PAPI) 2018","Mutter und Kind (9-10 Jahre, PAPI) 2018",,,p,2018,127,PAPI,14,Mother and Child (9-10-year-olds),Mutter und Kind (9-10 Jahre)
soep-core,soep-core-2019-e5-2,"Mother and Child (9-10-year-olds, CAPI) 2019","Mutter und Kind (9-10 Jahre, CAPI) 2019",,,p,2019,190,CAPI,14,Mother and Child (9-10-year-olds),Mutter und Kind (9-10 Jahre)
soep-core,soep-core-2019-e5,"Mother and Child (9-10-year-olds, PAPI) 2019","Mutter und Kind (9-10 Jahre, PAPI) 2019",,,p,2019,189,PAPI,14,Mother and Child (9-10-year-olds),Mutter und Kind (9-10 Jahre)
soep-core,soep-core-2020-e5-2,"Mother and Child (9-10-year-olds, CAPI) 2020","Mutter und Kind (9-10 Jahre, CAPI) 2020",,,p,2020,240,CAPI,14,Mother and Child (9-10-year-olds),Mutter und Kind (9-10 Jahre)
soep-core,soep-core-2016-gk,Grip Strength 2016,Greifkraft 2016,,,p,2016,,,17,Grip Strength,Greifkraft
soep-core,soep-core-2018-gk,Grip Strength 2018,Greifkraft 2018,,,p,2018,,PAPI,17,Grip Strength,Greifkraft
soep-core,soep-core-2000-hh,Household 2000,Haushalt 2000,,,,2000,,,3,Household,Haushalt
soep-core,soep-core-2020-hh2,Household (CAPI) 2020,Haushalt (CAPI) 2020,,,h,2020,202,CAPI,3,Household,Haushalt
soep-core,soep-core-1997-hh,Household 1997,Haushalt 1997,,,,1997,,,3,Household,Haushalt
soep-core,soep-core-2015-hh-mig,Household (M1) 2015,Haushalt (M1) 2015,,,,2015,26,CAPI,3,Household,Haushalt
soep-core,soep-core-1990-hh,Household 1990,Haushalt 1990,,,,1990,,,3,Household,Haushalt
soep-core,soep-core-2018-hh-m345,Household (M3-M5) 2018,Haushalt (M3-M5) 2018,,,h,2018,116,CAPI,3,Household,Haushalt
soep-core,soep-core-1984-hh,Household 1984,Haushalt 1984,,,,1984,,,3,Household,Haushalt
soep-core,soep-core-1989-hh-n,Household (Initial Interview) 1989,Haushalt (Erstbefragte) 1989,,,,1989,,,3,Household,Haushalt
soep-core,soep-core-1993-hh,Household 1993,Haushalt 1993,,,,1993,,,3,Household,Haushalt
soep-core,soep-core-1991-hh-o,Household (East) 1991,Haushalt (Ost) 1991,,,,1991,,,3,Household,Haushalt
soep-core,soep-core-1995-hh,Household 1995,Haushalt 1995,,,,1995,,,3,Household,Haushalt
soep-core,soep-core-1996-hh,Household 1996,Haushalt 1996,,,,1996,,,3,Household,Haushalt
soep-core,soep-core-2019-hh4,Household (P) 2019,Haushalt (P) 2019,,,h,2019,147,CAPI,3,Household,Haushalt
soep-core,soep-core-1998-hh,Household 1998,Haushalt 1998,,,,1998,,,3,Household,Haushalt
soep-core,soep-core-1987-hh,Household 1987,Haushalt 1987,,,,1987,,,3,Household,Haushalt
soep-core,soep-core-2019-hh3,Household (CAWI) 2019,Haushalt (CAWI) 2019,,,h,2019,146,CAWI,3,Household,Haushalt
soep-core,soep-core-1987-hh-n,Household (Initial Interview) 1987,Haushalt (Erstbefragte) 1987,,,,1987,,,3,Household,Haushalt
soep-core,soep-core-2007-hh,Household 2007,Haushalt 2007,,,,2007,,,3,Household,Haushalt
soep-core,soep-core-1992-hh-o,Household (East) 1992,Haushalt (Ost) 1992,,,,1992,,,3,Household,Haushalt
soep-core,soep-core-2018-hh-m12,Household (M1-M2) 2018,Haushalt (M1-M2) 2018,,,h,2018,115,CAPI,3,Household,Haushalt
soep-core,soep-core-2008-hh,Household 2008,Haushalt 2008,,,,2008,,,3,Household,Haushalt
soep-core,soep-core-2003-hh,Household 2003,Haushalt 2003,,,,2003,,,3,Household,Haushalt
soep-core,soep-core-1986-hh-aus,Household (Sample B+) 1986,Haushalt (Sample B+) 1986,,,,1986,,,3,Household,Haushalt
soep-core,soep-core-2002-hh,Household 2002,Haushalt 2002,,,,2002,,,3,Household,Haushalt
soep-core,soep-core-1985-hh,Household 1985,Haushalt 1985,,,,1985,,,3,Household,Haushalt
soep-core,soep-core-2018-hh,Household (PAPI) 2018,Haushalt (PAPI) 2018,,,h,2018,111,PAPI,3,Household,Haushalt
soep-core,soep-core-2016-hh-m34,Household (M3/M4) 2016,Haushalt (M3/M4) 2016,"The influx of refugees to Germany, which rose sharply in the second half of 2015, poses challenges for public policy, government administration, and the population at large. To effectively coordinate lodging and assistance for these refugees and to foster their long-term integration into the labor market, educational system, and other societal spheres, robust and reliable information is needed that can be generalized and applied usefully to the challenges at hand. It is up to the empirical social research to provide a data base for these purposes.  
\  

To meet this need, the Institute for Employment Research (IAB) of the Federal Employment Agency, Research Centre on Migration, Integration, and Asylum of the Federal Office of Migration and Refugees (BAMF-FZ), and the Socio-Economic Panel (SOEP) at DIW Berlin are conducting a comprehensive standardized survey of refugees in Germany based on a qualitative preliminary study. Participation in the survey is voluntary, and the survey is being conducted by specially trained interviewers from the survey institute commissioned to do the fieldwork, TNS Sozialforschung in Munich. Conceptualized as a longitudinal study, the survey will be carried out in 2016, 2017, and 2018. In the first wave of the survey in 2016, the IAB-BAMF-SOEP Refugee Sample will cover nearly 2,000 adult refugees who arrived in Germany since 2013 seeking asylum.  
\  

**Questions about refugees’ living situations and the overall framework conditions**  
\  

The study looks at the living situations of refugees as well as their schooling, vocational training, and current occupational situations. It also collects information on refugees’ language use, living situations, family situations, social participation, and contact with both Germans and people of their own ethnic backgrounds. Other focal points of the study, which is conducted using standardized survey instruments, are the impacts of the legal and institutional frameworks for refugees and the effectiveness of various support programs.  
\  
 
**Project Manager**

Herbert Brücker (IAB)

Renate Leistner-Rocca (BAMF)

Martin Kroh & Jürgen Schupp (SOEP)  
\  

**Survey Management**

Elisabeth Liebau (SOEP)

Manuel Siegert (BAMF)

Ehsan Vallizadeh (IAB)  
\  

**Survey Institute**

Axel Glemser (TNS Infrastest Sozialforschung, Munich)

Andreas Stocker (TNS Infratest Sozialforschung, Munich)  
\  

**Survey Documentation**

Knut Wenzig (SOEP)","The influx of refugees to Germany, which rose sharply in the second half of 2015, poses challenges for public policy, government administration, and the population at large. To effectively coordinate lodging and assistance for these refugees and to foster their long-term integration into the labor market, educational system, and other societal spheres, robust and reliable information is needed that can be generalized and applied usefully to the challenges at hand. It is up to the empirical social research to provide a data base for these purposes.  
\  

To meet this need, the Institute for Employment Research (IAB) of the Federal Employment Agency, Research Centre on Migration, Integration, and Asylum of the Federal Office of Migration and Refugees (BAMF-FZ), and the Socio-Economic Panel (SOEP) at DIW Berlin are conducting a comprehensive standardized survey of refugees in Germany based on a qualitative preliminary study. Participation in the survey is voluntary, and the survey is being conducted by specially trained interviewers from the survey institute commissioned to do the fieldwork, TNS Sozialforschung in Munich. Conceptualized as a longitudinal study, the survey will be carried out in 2016, 2017, and 2018. In the first wave of the survey in 2016, the IAB-BAMF-SOEP Refugee Sample will cover nearly 2,000 adult refugees who arrived in Germany since 2013 seeking asylum.  
\  

**Questions about refugees’ living situations and the overall framework conditions**  
\  

The study looks at the living situations of refugees as well as their schooling, vocational training, and current occupational situations. It also collects information on refugees’ language use, living situations, family situations, social participation, and contact with both Germans and people of their own ethnic backgrounds. Other focal points of the study, which is conducted using standardized survey instruments, are the impacts of the legal and institutional frameworks for refugees and the effectiveness of various support programs.  
\  
 
**Project Manager**

Herbert Brücker (IAB)

Renate Leistner-Rocca (BAMF)

Martin Kroh & Jürgen Schupp (SOEP)  
\  

**Survey Management**

Elisabeth Liebau (SOEP)

Manuel Siegert (BAMF)

Ehsan Vallizadeh (IAB)  
\  

**Survey Institute**

Axel Glemser (TNS Infrastest Sozialforschung, Munich)

Andreas Stocker (TNS Infratest Sozialforschung, Munich)  
\  

**Survey Documentation**

Knut Wenzig (SOEP)",h,2016,14,CAPI,3,Household,Haushalt
soep-core,soep-core-1988-hh-n,Household (Initial Interview) 1988,Haushalt (Erstbefragte) 1988,,,,1988,,,3,Household,Haushalt
soep-core,soep-core-1992-hh,Household 1992,Haushalt 1992,,,,1992,,,3,Household,Haushalt
soep-core,soep-core-2017-hh-m34,Household (M3/M4) 2017,Haushalt (M3/M4) 2017,,,h,2017,66,CAPI,3,Household,Haushalt
soep-core,soep-core-2001-hh,Household 2001,Haushalt 2001,,,,2001,,,3,Household,Haushalt
soep-core,soep-core-2020-hh,Household (PAPI) 2020,Haushalt (PAPI) 2020,,,h,2020,201,PAPI,3,Household,Haushalt
soep-core,soep-core-1989-hh,Household 1989,Haushalt 1989,,,,1989,,,3,Household,Haushalt
soep-core,soep-core-2016-hh,Household (PAPI) 2016,Haushalt (PAPI) 2016,,,h,2016,10,PAPI,3,Household,Haushalt
soep-core,soep-core-1985-hh-n,Household (Initial Interview) 1985,Haushalt (Erstbefragte) 1985,,,,1985,,,3,Household,Haushalt
soep-core,soep-core-2016-hh-m12,Household (M1/M2) 2016,Haushalt (M1/M2) 2016,,,h,2016,13,CAPI,3,Household,Haushalt
soep-core,soep-core-2019-hh2,Household (CAPI) 2019,Haushalt (CAPI) 2019,,,h,2019,145,CAPI,3,Household,Haushalt
soep-core,soep-core-2014-hh,Household (PAPI) 2014,Haushalt (PAPI) 2014,,,,2014,35,PAPI,3,Household,Haushalt
soep-core,soep-core-2005-hh,Household 2005,Haushalt 2005,,,,2005,,,3,Household,Haushalt
soep-core,soep-core-2009-hh,Household 2009,Haushalt 2009,,,,2009,,,3,Household,Haushalt
soep-core,soep-core-2012-hh,Household 2012,Haushalt 2012,,,,2012,,,3,Household,Haushalt
soep-core,soep-core-1990-hh-n,Household (Initial Interview) 1990,Haushalt (Erstbefragte) 1990,,,,1990,,,3,Household,Haushalt
soep-core,soep-core-2004-hh,Household 2004,Haushalt 2004,,,,2004,,,3,Household,Haushalt
soep-core,soep-core-2020-hh-m3456,Household (M3-M6) 2020,Haushalt (M3-M6) 2020,,,h,2020,205,CAPI,3,Household,Haushalt
soep-core,soep-core-2010-hh,Household 2010,Haushalt 2010,,,,2010,,,3,Household,Haushalt
soep-core,soep-core-2019-hh-lgb,Household (Q) 2019,Haushalt (Q) 2019,,,h,2019,148,CAPI,3,Household,Haushalt
soep-core,soep-core-2019-hh,Household (PAPI) 2019,Haushalt (PAPI) 2019,,,h,2019,144,PAPI,3,Household,Haushalt
soep-core,soep-core-2013-hh-mig,Household (M1) 2013,Haushalt (M1) 2013,,,,2013,48,CAPI,3,Household,Haushalt
soep-core,soep-core-2017-hh-m12,Household (M1/M2) 2017,Haushalt (M1/M2) 2017,,,h,2017,65,CAPI,3,Household,Haushalt
soep-core,soep-core-1986-hh-n,Household (Initial Interview) 1986,Haushalt (Erstbefragte) 1986,,,,1986,,,3,Household,Haushalt
soep-core,soep-core-1986-hh,Household 1986,Haushalt 1986,,,,1986,,,3,Household,Haushalt
soep-core,soep-core-2015-hh,Household 2015,Haushalt 2015,,,h,2015,23,PAPI,3,Household,Haushalt
soep-core,soep-core-2006-hh,Household 2006,Haushalt 2006,,,,2006,,,3,Household,Haushalt
soep-core,soep-core-1990-hh-o,Household (East) 1990,Haushalt (Ost) 1990,,,,1990,,,3,Household,Haushalt
soep-core,soep-core-1991-hh,Household 1991,Haushalt 1991,,,,1991,,,3,Household,Haushalt
soep-core,soep-core-2019-hh-m345,Household (M3-M5) 2019,Haushalt (M3-M5) 2019,,,h,2019,149,CAPI,3,Household,Haushalt
soep-core,soep-core-1999-hh,Household 1999,Haushalt 1999,,,,1999,,,3,Household,Haushalt
soep-core,soep-core-2013-hh,Household (PAPI) 2013,Haushalt (PAPI) 2013,,,,2013,46,PAPI,3,Household,Haushalt
soep-core,soep-core-2017-hh-m5,Household (M5) 2017,Haushalt (M5) 2017,,,h,2017,67,CAPI,3,Household,Haushalt
soep-core,soep-core-2020-hh-m78,Household (M7-M8) 2020,Haushalt (M7-M8) 2020,,,h,2020,258,CAPI,3,Household,Haushalt
soep-core,soep-core-2014-hh-mig,Household 2014 (M1),Haushalt (M1) 2014,,,,2014,38,CAPI,3,Household,Haushalt
soep-core,soep-core-1993-hh-o,Household (East) 1993,Haushalt (Ost) 1993,,,,1993,,,3,Household,Haushalt
soep-core,soep-core-2011-hh,Household 2011,Haushalt 2011,,,,2011,,,3,Household,Haushalt
soep-core,soep-core-1988-hh,Household 1988,Haushalt 1988,,,,1988,,,3,Household,Haushalt
soep-core,soep-core-2017-hh,Household (PAPI) 2017,Haushalt (PAPI) 2017,,,h,2017,61,PAPI,3,Household,Haushalt
soep-core,soep-core-1994-hh,Household 1994,Haushalt 1994,,,,1994,,,3,Household,Haushalt
soep-core,soep-core-2012-int,Interviewer (PAPI) 2012,InterviewerIn (PAPI) 2012,,,,2012,,PAPI,18,Interviewer,InterviewerIn
soep-core,soep-core-2006-int,Interviewer (PAPI) 2006,InterviewerIn (PAPI) 2006,,,,2006,,,18,Interviewer,InterviewerIn
soep-core,soep-core-2016-int,Interviewer (PAPI) 2016,InterviewerIn (PAPI) 2016,,,,2016,,PAPI,18,Interviewer,InterviewerIn
soep-core,soep-core-2019-ju-m345,"Youth (11-17-year-olds, M3-M5) 2019","Jugend (11-17 Jahre, M3-M5) 2019",,,p,2019,164,CAPI,7,Youth (11-17-year-olds),Jugend (11-17 Jahre)
soep-core,soep-core-2018-ju-m345,"Youth (11-17-year-olds, M3-M5) 2018","Jugend (11-17 Jahre, M3-M5) 2018",,,p,2018,121,CAPI,7,Youth (11-17-year-olds),Jugend (11-17 Jahre)
soep-core,soep-core-2017-ju-m34,"Youth (11-17-year-olds, M3/M4) 2017","Jugend (12-17 Jahre, M3/M4) 2017",,,p,2017,73,CAPI,7,Youth (11-17-year-olds),Jugend (11-17 Jahre)
soep-core,soep-core-2019-ju2,"Youth (16-17-year-olds, CAPI) 2019","Jugend (16-17 Jahre, CAPI) 2019",,,p,2019,161,CAPI,6,Youth (16-17-year-olds),Jugend (16-17 Jahre)
soep-core,soep-core-2013-ju,Youth (16-17 year-olds) 2013,Jugend (16-17 Jahre) 2013,,,,2013,,,6,Youth (16-17-year-olds),Jugend (16-17 Jahre)
soep-core,soep-core-2019-ju,"Youth (16-17-year-olds, PAPI) 2019","Jugend (16-17 Jahre, PAPI) 2019",,,p,2019,160,PAPI,6,Youth (16-17-year-olds),Jugend (16-17 Jahre)
soep-core,soep-core-2008-ju,Youth (16-17 years-olds) 2008,Jugend 2008,,,,2008,,,6,Youth (16-17-year-olds),Jugend (16-17 Jahre)
soep-core,soep-core-2009-ju,Youth (16-17 years-olds) 2009,Jugend (16-17 Jahre) 2009,,,,2009,,,6,Youth (16-17-year-olds),Jugend (16-17 Jahre)
soep-core,soep-core-2003-ju,Youth (16-17 years-olds) 2003,Jugend (16-17 Jahre) 2003,,,,2003,,,6,Youth (16-17-year-olds),Jugend (16-17 Jahre)
soep-core,soep-core-2002-ju,Youth (16-17 years-olds) 2002,Jugend (16-17 Jahre) 2002,,,,2002,,,6,Youth (16-17-year-olds),Jugend (16-17 Jahre)
soep-core,soep-core-2017-ju,"Youth (16-17-year-olds, PAPI) 2017","Jugend (16-17 Jahre, PAPI) 2017",,,p,2017,68,PAPI,6,Youth (16-17-year-olds),Jugend (16-17 Jahre)
soep-core,soep-core-2019-ju-lgb,"Youth (16-17-year-olds, Q) 2019","Jugend (16-17 Jahre, Q) 2019",,,p,2019,163,CAPI,6,Youth (16-17-year-olds),Jugend (16-17 Jahre)
soep-core,soep-core-2012-ju,Youth (16-17 year-olds) 2012,Jugend (16-17 Jahre) 2012,,,,2012,,,6,Youth (16-17-year-olds),Jugend (16-17 Jahre)
soep-core,soep-core-2015-ju,Youth (16-17 year-olds) 2015,Jugend (16-17 Jahre) 2015,,,,2015,,,6,Youth (16-17-year-olds),Jugend (16-17 Jahre)
soep-core,soep-core-2005-ju,Youth (16-17 years-olds) 2005,Jugend (16-17 Jahre) 2005,,,,2005,,,6,Youth (16-17-year-olds),Jugend (16-17 Jahre)
soep-core,soep-core-2001-ju,Youth (16-17 years-olds) 2001,Jugend (16-17 Jahre) 2001,,,,2001,,,6,Youth (16-17-year-olds),Jugend (16-17 Jahre)
soep-core,soep-core-2018-ju,"Youth (16-17-year-olds, PAPI) 2018","Jugend (16-17 Jahre, PAPI) 2018",,,p,2018,117,PAPI,6,Youth (16-17-year-olds),Jugend (16-17 Jahre)
soep-core,soep-core-2016-ju,"Youth (16-17-year-olds, A-L1) 2016","Jugend (16-17 Jahre, A-L1) 2016",,,p,2016,,,6,Youth (16-17-year-olds),Jugend (16-17 Jahre)
soep-core,soep-core-2020-ju-m345,"Youth (11-17-year-olds, M3-M5) 2020","Jugend (11-17 Jahre, M3-M5) 2020",,,p,2020,221,CAPI,6,Youth (16-17-year-olds),Jugend (16-17 Jahre)
soep-core,soep-core-2011-ju,Youth (16-17 year-olds) 2011,Jugend (16-17 Jahre) 2011,,,,2011,,,6,Youth (16-17-year-olds),Jugend (16-17 Jahre)
soep-core,soep-core-2015-ju-mig,"Youth (16-17-year-olds, M1/M2) 2015","Jugend (16-17 Jahre, M1/M2) 2015",,,p,2015,,CAPI,6,Youth (16-17-year-olds),Jugend (16-17 Jahre)
soep-core,soep-core-2007-ju,Youth (16-17 year-olds) 2007,Jugend (16-17 Jahre) 2007,,,,2007,,,6,Youth (16-17-year-olds),Jugend (16-17 Jahre)
soep-core,soep-core-2019-ju3,"Youth (16-17-year-olds, CAWI) 2019","Jugend (16-17 Jahre, CAWI) 2019",,,p,2019,162,CAWI,6,Youth (16-17-year-olds),Jugend (16-17 Jahre)
soep-core,soep-core-2020-ju,"Youth (16-17-year-olds, PAPI) 2020","Jugend (16-17 Jahre, PAPI) 2020",,,p,2020,217,PAPI,6,Youth (16-17-year-olds),Jugend (16-17 Jahre)
soep-core,soep-core-2016-ju-m12,"Youth (16-17-year-olds, M1/M2) 2016","Jugend (16-17 Jahre, M1/M2) 2016",,,p,2016,,,6,Youth (16-17-year-olds),Jugend (16-17 Jahre)
soep-core,soep-core-2020-ju-2,"Youth (16-17-year-olds, CAPI) 2020","Jugend (16-17 Jahre, CAPI) 2020",,,p,2020,218,CAPI,6,Youth (16-17-year-olds),Jugend (16-17 Jahre)
soep-core,soep-core-2014-ju,Youth (16-17 year-olds) 2014,Jugend (16-17 Jahre) 2014,,,,2014,,,6,Youth (16-17-year-olds),Jugend (16-17 Jahre)
soep-core,soep-core-2018-ju-m12,"Youth (16-17-year-olds, M1-M2) 2018","Jugend (16-17 Jahre, M1-M2) 2018",,,p,2018,120,CAPI,6,Youth (16-17-year-olds),Jugend (16-17 Jahre)
soep-core,soep-core-2014-ju-mig,"Youth (16-17 year-olds, M1) 2014","Jugend (16-17 Jahre, M1) 2014",,,,2014,,,6,Youth (16-17-year-olds),Jugend (16-17 Jahre)
soep-core,soep-core-2010-ju,Youth (16-17 years-olds) 2010,Jugend (16-17 Jahre) 2010,,,,2010,,,6,Youth (16-17-year-olds),Jugend (16-17 Jahre)
soep-core,soep-core-2006-ju,Youth (16-17 year-olds) 2006,Jugend (16-17 Jahre) 2006,,,,2006,,,6,Youth (16-17-year-olds),Jugend (16-17 Jahre)
soep-core,soep-core-2004-ju,Youth (16-17 years-olds) 2004,Jugend (16-17 Jahre) 2004,,,,2004,,,6,Youth (16-17-year-olds),Jugend (16-17 Jahre)
soep-core,soep-core-2017-ju-m12,"Youth (16-17-year-olds, M1/M2) 2017","Jugend (16-17 Jahre, M1/M2) 2017",,,p,2017,72,CAPI,6,Youth (16-17-year-olds),Jugend (16-17 Jahre)
soep-core,soep-core-2000-ju,Youth (16-17 years-olds) 2000,Jugend (16-17 Jahre) 2000,,,,2000,,,6,Youth (16-17-year-olds),Jugend (16-17 Jahre)
soep-core,soep-core-2020-ki-m345,"Childhood (0-10-year-olds, M3-M5) 2020","Kindheit (0-10 Jahre, M3-M5) 2020",,,p,2020,222,CAPI,15,Childhood (0-10-year-olds),Kindheit (0-10 Jahre)
soep-core,soep-core-2017-ki-m34,Childhood (0-10-year-olds) 2017,Kindheit (0-10 Jahre) 2017,,,p,2017,74,CAPI,15,Childhood (0-10-year-olds),Kindheit (0-10 Jahre)
soep-core,soep-core-2019-ki-m345,"Childhood (0-10-year-olds, M3-M5) 2019","Kindheit (0-10 Jahre, M3-M5) 2019",,,p,2019,193,CAPI,15,Childhood (0-10-year-olds),Kindheit (0-10 Jahre)
soep-core,soep-core-2018-ki-m345,"Childhood (0-10-year-olds, M3-M5) 2018","Kindheit (0-10 Jahre, M3-M5) 2018",,,p,2018,122,CAPI,15,Childhood (0-10-year-olds),Kindheit (0-10 Jahre)
soep-core,soep-core-2020-l2,Catch-up Individual (CAPI) 2020,Nachbefragung Person (CAPI) 2020,,,p,2020,252,CAPI,5,Catch-up Individual,Nachbefragung Person
soep-core,soep-core-2018-l,Catch-up Individual (PAPI) 2018,Nachbefragung Person (PAPI) 2018,,,p,2018,,PAPI,5,Catch-up Individual,Nachbefragung Person
soep-core,soep-core-2020-l,Catch-up Individual (PAPI) 2020,Nachbefragung Person (PAPI) 2020,,,p,2020,251,PAPI,5,Catch-up Individual,Nachbefragung Person
soep-core,soep-core-2004-l,Catch-up Individual 2004,Nachbefragung Person,,,,2004,,,5,Catch-up Individual,Nachbefragung Person
soep-core,soep-core-2008-l,Catch-up Individual 2008,Nachbefragung Person 2008,,,,2008,,,5,Catch-up Individual,Nachbefragung Person
soep-core,soep-core-2013-l,Catch-up Individual 2013,Nachbefragung Person 2013,,,,2013,,,5,Catch-up Individual,Nachbefragung Person
soep-core,soep-core-2011-l,Catch-up Individual 2011,Nachbefragung Person  2011,,,,2011,,,5,Catch-up Individual,Nachbefragung Person
soep-core,soep-core-2010-l,Catch-up Individual 2010,Nachbefragung Person 2010,,,,2010,,,5,Catch-up Individual,Nachbefragung Person
soep-core,soep-core-2014-l,Catch-up Individual 2014,Nachbefragung Person 2014,,,,2014,,,5,Catch-up Individual,Nachbefragung Person
soep-core,soep-core-2019-l3,Catch-up Individual (CAWI) 2019,Nachbefragung Person (CAWI) 2019,,,p,2019,200,CAWI,5,Catch-up Individual,Nachbefragung Person
soep-core,soep-core-2017-l,Catch-up Individual (PAPI) 2017,Nachbefragung Person (PAPI) 2017,,,p,2017,,PAPI,5,Catch-up Individual,Nachbefragung Person
soep-core,soep-core-2019-l2,Catch-up Individual (CAPI) 2019,Nachbefragung Person (CAPI) 2019,,,p,2019,199,CAPI,5,Catch-up Individual,Nachbefragung Person
soep-core,soep-core-2012-l,Catch-up Individual 2012,Nachbefragung Person 2012,,,,2012,,,5,Catch-up Individual,Nachbefragung Person
soep-core,soep-core-2007-l,Catch-up Individual 2007,Nachbefragung Person 2007,,,,2007,,,5,Catch-up Individual,Nachbefragung Person
soep-core,soep-core-2009-l,Catch-up Individual 2009,Nachbefragung Person  2009,,,,2009,,,5,Catch-up Individual,Nachbefragung Person
soep-core,soep-core-2019-l,Catch-up Individual (PAPI) 2019,Nachbefragung Person (PAPI) 2019,,,p,2019,194,PAPI,5,Catch-up Individual,Nachbefragung Person
soep-core,soep-core-2006-l,Catch-up Individual 2006,Nachbefragung Person 2006,,,,2006,,,5,Catch-up Individual,Nachbefragung Person
soep-core,soep-core-2016-l,Catch-up Individual 2016,Nachbefragung Person 2016,,,p,2016,,,5,Catch-up Individual,Nachbefragung Person
soep-core,soep-core-2019-ll,Biography (PAPI) 2019,Biografie (PAPI) 2019,,,p,2019,156,PAPI,4,Biography,Biografie
soep-core,soep-core-2020-ll-m78,Biography (M7-M8a) 2020,Biografie (M7-M8a) 2020,,,p,2020,210,CAPI,4,Biography,Biografie
soep-core,soep-core-2019-ll2,Biography (CAPI) 2019,Biografie (CAPI) 2019,,,p,2019,157,CAPI,4,Biography,Biografie
soep-core,soep-core-2015-ll,Biography (PAPI) 2015,Biografie (PAPI) 2015,,,p,2015,20,PAPI,4,Biography,Biografie
soep-core,soep-core-2020-ll,Biography (PAPI) 2020,Biografie (PAPI) 2020,,,p,2020,206,PAPI,4,Biography,Biografie
soep-core,soep-core-2019-ll-lgb,Biography (Q) 2019,Biografie (Q) 2019,,,p,2019,159,CAWI,4,Biography,Biografie
soep-core,soep-core-2019-ll3,Biography (CAWI) 2019,Biografie (CAWI) 2019,,,p,2019,158,CAWI,4,Biography,Biografie
soep-core,soep-core-2017-ll,Biography (PAPI) 2017,Biografie (PAPI) 2017,,,p,2017,58,PAPI,4,Biography,Biografie
soep-core,soep-core-2013-ll,Biography (PAPI) 2013,Biografie (PAPI) 2013,,,,2013,44,PAPI,4,Biography,Biografie
soep-core,soep-core-2020-ll2,Biography (CAPI) 2020,Biografie (CAPI) 2020,,,p,2020,207,CAPI,4,Biography,Biografie
soep-core,soep-core-2018-ll,Biography (PAPI) 2018,Biografie (PAPI) 2018,,,p,2018,108,PAPI,4,Biography,Biografie
soep-core,soep-core-1989-ll,Biography 1989,Biografie 1989,,,,1989,,,4,Biography,Biografie
soep-core,soep-core-2016-ll,Biography (PAPI) 2016,Biografie (PAPI) 2016,,,p,2016,7,PAPI,4,Biography,Biografie
soep-core,soep-core-2019-pb-m345-erst,"Individual and Biography (M3-M5, Initial interview) 2019","Person und Biografie (M3-M5, Erstbefragte) 2019",,,p,2019,155,CAPI,2,Individual and Biography,Person und Biografie
soep-core,soep-core-2016-pb-m34,"Individual and Biography (M3/M4, Follow-up) 2016","Person und Biografie (M3/M4, Wiederbefragte) 2016","The influx of refugees to Germany, which rose sharply in the second half of 2015, poses challenges for public policy, government administration, and the population at large. To effectively coordinate lodging and assistance for these refugees and to foster their long-term integration into the labor market, educational system, and other societal spheres, robust and reliable information is needed that can be generalized and applied usefully to the challenges at hand. It is up to the empirical social research to provide a data base for these purposes.  
\  

To meet this need, the Institute for Employment Research (IAB) of the Federal Employment Agency, Research Centre on Migration, Integration, and Asylum of the Federal Office of Migration and Refugees (BAMF-FZ), and the Socio-Economic Panel (SOEP) at DIW Berlin are conducting a comprehensive standardized survey of refugees in Germany based on a qualitative preliminary study. Participation in the survey is voluntary, and the survey is being conducted by specially trained interviewers from the survey institute commissioned to do the fieldwork, TNS Sozialforschung in Munich. Conceptualized as a longitudinal study, the survey will be carried out in 2016, 2017, and 2018. In the first wave of the survey in 2016, the IAB-BAMF-SOEP Refugee Sample will cover nearly 2,000 adult refugees who arrived in Germany since 2013 seeking asylum.  
\  

**Questions about refugees’ living situations and the overall framework conditions**  
\  

The study looks at the living situations of refugees as well as their schooling, vocational training, and current occupational situations. It also collects information on refugees’ language use, living situations, family situations, social participation, and contact with both Germans and people of their own ethnic backgrounds. Other focal points of the study, which is conducted using standardized survey instruments, are the impacts of the legal and institutional frameworks for refugees and the effectiveness of various support programs.  
\  
 
**Project Manager**

Herbert Brücker (IAB)

Renate Leistner-Rocca (BAMF)

Martin Kroh & Jürgen Schupp (SOEP)  
\  

**Survey Management**

Elisabeth Liebau (SOEP)

Manuel Siegert (BAMF)

Ehsan Vallizadeh (IAB)  
\  

**Survey Institute**

Axel Glemser (TNS Infrastest Sozialforschung, Munich)

Andreas Stocker (TNS Infratest Sozialforschung, Munich)  
\  

**Survey Documentation**

Knut Wenzig (SOEP)","The influx of refugees to Germany, which rose sharply in the second half of 2015, poses challenges for public policy, government administration, and the population at large. To effectively coordinate lodging and assistance for these refugees and to foster their long-term integration into the labor market, educational system, and other societal spheres, robust and reliable information is needed that can be generalized and applied usefully to the challenges at hand. It is up to the empirical social research to provide a data base for these purposes.  
\  

To meet this need, the Institute for Employment Research (IAB) of the Federal Employment Agency, Research Centre on Migration, Integration, and Asylum of the Federal Office of Migration and Refugees (BAMF-FZ), and the Socio-Economic Panel (SOEP) at DIW Berlin are conducting a comprehensive standardized survey of refugees in Germany based on a qualitative preliminary study. Participation in the survey is voluntary, and the survey is being conducted by specially trained interviewers from the survey institute commissioned to do the fieldwork, TNS Sozialforschung in Munich. Conceptualized as a longitudinal study, the survey will be carried out in 2016, 2017, and 2018. In the first wave of the survey in 2016, the IAB-BAMF-SOEP Refugee Sample will cover nearly 2,000 adult refugees who arrived in Germany since 2013 seeking asylum.  
\  

**Questions about refugees’ living situations and the overall framework conditions**  
\  

The study looks at the living situations of refugees as well as their schooling, vocational training, and current occupational situations. It also collects information on refugees’ language use, living situations, family situations, social participation, and contact with both Germans and people of their own ethnic backgrounds. Other focal points of the study, which is conducted using standardized survey instruments, are the impacts of the legal and institutional frameworks for refugees and the effectiveness of various support programs.  
\  
 
**Project Manager**

Herbert Brücker (IAB)

Renate Leistner-Rocca (BAMF)

Martin Kroh & Jürgen Schupp (SOEP)  
\  

**Survey Management**

Elisabeth Liebau (SOEP)

Manuel Siegert (BAMF)

Ehsan Vallizadeh (IAB)  
\  

**Survey Institute**

Axel Glemser (TNS Infrastest Sozialforschung, Munich)

Andreas Stocker (TNS Infratest Sozialforschung, Munich)  
\  

**Survey Documentation**

Knut Wenzig (SOEP)",p,2016,,,2,Individual and Biography,Person und Biografie
soep-core,soep-core-2019-p-m345-wieder,"Individual and Biography (M3-M5, Follow-up) 2019","Person und Biografie (M3-M5, Wiederbefragte) 2019",,,p,2019,154,CAPI,2,Individual and Biography,Person und Biografie
soep-core,soep-core-2020-pb-m3456-erst,"Individual and Biography (M3-M6, Initial interview) 2020","Person und Biografie (M3-M6, Erstbefragte) 2020",,,p,2020,216,CAPI,2,Individual and Biography,Person und Biografie
soep-core,soep-core-2013-pb-jk,Individual and Biography (CAPI) 2013,Person und Biografie (CAPI) 2013,,,,2013,42,CAPI,2,Individual and Biography,Person und Biografie
soep-core,soep-core-2017-pb-m12-erst,"Individual and Biography (M1/M2, Initial Interview) 2017","Person und Biografie (M1/M2, Erstbefragte) 2017",,,p,2017,55,CAPI,2,Individual and Biography,Person und Biografie
soep-core,soep-core-2017-pe,Individual (PAPI) 2017,Person (PAPI) 2017,,,p,2017,50,PAPI,2,Individual and Biography,Person und Biografie
soep-core,soep-core-2017-pb-m345-erst,"Individual and Biography (M3-M5, Initial Interview) 2017","Person und Biografie (M3-M5, Erstbefragte) 2017",,,p,2017,56,CAPI,2,Individual and Biography,Person und Biografie
soep-core,soep-core-2018-pb-m345-wieder,"Individual and Biography (M3-M5, Follow-up) 2018","Person und Biografie (M3-M5, Wiederbefragte) 2018",,,p,2018,106,CAPI,2,Individual and Biography,Person und Biografie
soep-core,soep-core-2015-pb-mig,"Individual and Biography (M1/M2, Initial Interview) 2015","Person und Biografie (M1/M2, Erstbefragte) 2015",,,,2015,19,CAPI,2,Individual and Biography,Person und Biografie
soep-core,soep-core-2018-pb-m12-erst,Individual and Biography (M1-M2) 2018,Personen und Biografie (M1-M2) 2018,,,p,2018,104,CAPI,2,Individual and Biography,Person und Biografie
soep-core,soep-core-2012-pb-j-erst,"Individual and Biography (Sample J, Initial Interview, CAPI) 2012","Person und Biografie (CAPI, Sample J, Erstbefragte) 2012",,,,2013,,CAPI,2,Individual and Biography,Person und Biografie
soep-core,soep-core-2012-pb-j,"Individual and Biography (Sample J, Follow Up, CAPI) 2012","Person und Biografie (CAPI, Sample J, Wiederbefragte) 2012",,,,2013,,CAPI,2,Individual and Biography,Person und Biografie
soep-core,soep-core-2016-pb-m12-erst,"Individual and Biography (M1/M2, Initial Interview) 2016","Person und Biografie (M1/M2, Erstbefragte) 2016",,,p,2016,5,CAPI,2,Individual and Biography,Person und Biografie
soep-core,soep-core-2017-pb-m34-wieder,"Individual and Biography (M3/M4, Follow-up) 2017","Person und Biografie (M3/M4, Wiederbefragte) 2017",,,p,2017,57,CAPI,2,Individual and Biography,Person und Biografie
soep-core,soep-core-2013-pb-mig,Individual and Biography (M1) 2013,Person und Biografie (M1) 2013,,,,2013,41,CAPI,2,Individual and Biography,Person und Biografie
soep-core,soep-core-2018-pb-m345-erst,"Individual and Biography (M3-M5, Initial interview) 2018","Person und Biografie (M3-M5, Erstbefragte) 2018",,,p,2018,107,CAPI,2,Individual and Biography,Person und Biografie
soep-core,soep-core-2012-pb-k,"Individual and Biography (Sample K, Initial Interview; CAPI) 2012","Person und Biografie (CAPI, Sample K, Erstbefragte) 2012",,,,2013,,CAPI,2,Individual and Biography,Person und Biografie
soep-core,soep-core-2019-pe-lgb,Individual (Q) 2019,Person (Q) 2019,,,p,2019,153,CAPI,1,Individual,Person
soep-core,soep-core-2001-pe,Individual 2001,Person 2001,,,,2001,,,1,Individual,Person
soep-core,soep-core-2004-pe,Individual 2004,Person 2004,,,,2004,,,1,Individual,Person
soep-core,soep-core-2008-pe,Individual 2008,Person 2008,,,,2008,,,1,Individual,Person
soep-core,soep-core-1999-pe,Individual 1999,Person 1999,,,,1999,,,1,Individual,Person
soep-core,soep-core-2010-pe,Individual 2010,Person 2010,,,,2010,,PAPI,1,Individual,Person
soep-core,soep-core-2019-pe,Individual (PAPI) 2019,Person (PAPI) 2019,,,p,2019,150,PAPI,1,Individual,Person
soep-core,soep-core-1987-pe-aus-n,"Individual (Sample B+, Initial Interview) 1987","Person (Sample B+, Erstbefragte) 1987",,,,1987,,,1,Individual,Person
soep-core,soep-core-1988-pe-aus,Individual (Sample B+) 1988,Person (Sample B+) 1988,,,,1988,,,1,Individual,Person
soep-core,soep-core-2016-p-m12,"Individual (M1/M2, Follow-up) 2016","Person (M1/M2, Wiederbefragte) 2016",,,p,2016,4,CAPI,1,Individual,Person
soep-core,soep-core-2017-p-m12,"Individual (M1/M2, Follow-up) 2017","Person (M1/M2, Wiederbefragte) 2017",,,p,2017,54,CAPI,1,Individual,Person
soep-core,soep-core-1998-pe,Individual 1998,Person 1998,,,,1998,,,1,Individual,Person
soep-core,soep-core-1987-pe-aus,Individual (Sample B+) 1987,Person (Sample B+) 1987,,,,1987,,,1,Individual,Person
soep-core,soep-core-1996-pe,Individual 1996,Person 1996,,,,1996,,,1,Individual,Person
soep-core,soep-core-2020-screen-m78,Screening (M7/M8) 2020,Auswahl Ankerperson (M7/M8) 2020,,,p,2020,,CAPI,1,Individual,Person
soep-core,soep-core-2003-pe,Individual 2003,Person 2003,,,,2003,,,1,Individual,Person
soep-core,soep-core-1986-pe-aus,Individual (Sample B+) 1986,Personen (Sample B+) 1986,,,,1986,,,1,Individual,Person
soep-core,soep-core-2019-pe2,Individual (CAPI) 2019,Person (CAPI) 2019,,,p,2019,151,CAPI,1,Individual,Person
soep-core,soep-core-1990-pe,Individual 1990,Person 1990,,,,1990,,,1,Individual,Person
soep-core,soep-core-1990-pe-n,Individual (Initial Interview) 1990,Person (Erstbefragte) 1990,,,,1990,,,1,Individual,Person
soep-core,soep-core-2020-pe2,Individual (CAPI) 2020,Person (CAPI) 2020,,,p,2020,212,CAPI,1,Individual,Person
soep-core,soep-core-1984-pe-aus,Individual (Sample B) 1984,Person (Sample B) 1984,,,,1984,,,1,Individual,Person
soep-core,soep-core-2015-p-mig,"Individual (M1, Follow-up) 2015","Person (M1, Wiederbefragte) 2015",,,,2015,18,CAPI,1,Individual,Person
soep-core,soep-core-1992-pe,Individual 1992,Person 1992,,,,1992,,,1,Individual,Person
soep-core,soep-core-2015-pe,Individual (PAPI) 2015,Person (PAPI) 2015,,,,2015,15,PAPI,1,Individual,Person
soep-core,soep-core-2013-pe,Individual (PAPI) 2013,Person (PAPI) 2013,,,,2013,39,PAPI,1,Individual,Person
soep-core,soep-core-1989-pe-aus,Individual (Sample B+) 1989,Person (Sample B+) 1989,,,,1989,,,1,Individual,Person
soep-core,soep-core-2018-pe,Individual (PAPI) 2018,Person (PAPI) 2018,,,p,2018,98,PAPI,1,Individual,Person
soep-core,soep-core-2006-pe,Individual 2006,Person 2006,,,,2006,,,1,Individual,Person
soep-core,soep-core-2020-p-m345-wieder,"Individual (M3-M5, Follow-up) 2020","Person (M3-M5, Wiederbefragte) 2020",,,p,2020,215,CAPI,1,Individual,Person
soep-core,soep-core-2012-pe,Individual 2012,Person 2012,,,,2012,,PAPI,1,Individual,Person
soep-core,soep-core-1997-pe,Individual 1997,Person 1997,,,,1997,,,1,Individual,Person
soep-core,soep-core-1991-pe,Individual 1991,Person (Erstbefragte) 1991,,,,1991,,,1,Individual,Person
soep-core,soep-core-1991-pe-aus,Individual (Sample B+) 1991,Person (Sample B+) 1991,,,,1991,,,1,Individual,Person
soep-core,soep-core-2014-pe,Individual (PAPI) 2014,Person (PAPI) 2014,,,,2014,28,PAPI,1,Individual,Person
soep-core,soep-core-1984-pe,Individual 1984,Person 1984,,,,1984,,,1,Individual,Person
soep-core,soep-core-1991-pe-o-n,"Individual (East, Initial Interview) 1991","Person (Ost,Erstbefragte) 1991",,,,1991,,,1,Individual,Person
soep-core,soep-core-2005-pe,Individual 2005,Person 2005,,,,2005,,,1,Individual,Person
soep-core,soep-core-1995-pe-aus,Individual (Sample B+) 1995,Person (Sample B+) 1995,,,,1995,,,1,Individual,Person
soep-core,soep-core-2002-pe,Individual 2002,Person 2002,,,,2002,,,1,Individual,Person
soep-core,soep-core-1985-pe-aus,Individual (Sample B+) 1985,Person (Sample B+) 1985,,,,1985,,,1,Individual,Person
soep-core,soep-core-2020-pe,Individual (PAPI) 2020,Person (PAPI) 2020,,,p,2020,211,PAPI,1,Individual,Person
soep-core,soep-core-1994-pe-o,Individual (East) 1994,Person (Ost) 1994,,,,1994,,,1,Individual,Person
soep-core,soep-core-1990-pe-o,Individual (East) 1990,Person (Ost) 1990,,,,1990,,,1,Individual,Person
soep-core,soep-core-1988-pe-n,Individual (Initial Interview) 1988,Person (Erstbefragte) 1988,,,,1988,,,1,Individual,Person
soep-core,soep-core-1988-pe-aus-n,"Individual (Sample B+, Initial Interview) 1988","Person (Sample B+, Erstbefragte) 1988",,,,1988,,,1,Individual,Person
soep-core,soep-core-1986-pe,Individual 1986,Person 1986,,,,1986,,,1,Individual,Person
soep-core,soep-core-1989-pe-aus-n,"Individual (Sample B+, Initial Interview) 1989","Person (Sample B+, Erstbefragte) 1989",,,,1989,,,1,Individual,Person
soep-core,soep-core-2018-pe-m12,Individual (M1-M2) 2018,Person (M1-M2) 2018,,,p,2018,102,CAPI,1,Individual,Person
soep-core,soep-core-2009-pe,Individual 2009,Person 2009,,,,2009,,PAPI,1,Individual,Person
soep-core,soep-core-1988-pe,Individual 1988,Person 1988,,,,1988,,,1,Individual,Person
soep-core,soep-core-2019-pe3,Individual (CAWI) 2019,Person (CAWI) 2019,,,p,2019,152,CAWI,1,Individual,Person
soep-core,soep-core-1989-pe,Individual 1989,Person 1989,,,,1989,,,1,Individual,Person
soep-core,soep-core-1990-pe-aus,Individual (Sample B+) 1990,Person (Sample B+) 1990,,,,1990,,,1,Individual,Person
soep-core,soep-core-1987-pe,Individual 1987,Person 1987,,,,1987,,,1,Individual,Person
soep-core,soep-core-2007-pe,Individual 2007,Person 2007,,,,2007,,,1,Individual,Person
soep-core,soep-core-2020-pe-m78,Individual (M7-M8a) 2020,Person (M7-M8a) 2020,,,p,2020,259,CAPI,1,Individual,Person
soep-core,soep-core-1993-pe,Individual 1993,Person 1993,,,,1993,,,1,Individual,Person
soep-core,soep-core-1989-pe-n,Individual (Initial Interview) 1989,Person (Erstbefragte) 1989,,,,1989,,,1,Individual,Person
soep-core,soep-core-2016-pe,Individual (PAPI) 2016,Person (PAPI) 2016,,,p,2016,1,PAPI,1,Individual,Person
soep-core,soep-core-1995-pe,Individual 1995,Person 1995,,,,1995,,,1,Individual,Person
soep-core,soep-core-2000-pe,Individual 2000,Person 2000,,,,2000,,,1,Individual,Person
soep-core,soep-core-1985-pe,Individual 1985,Person 1985,,,,1985,,,1,Individual,Person
soep-core,soep-core-2011-pe,Individual 2011,Person 2011,,,,2011,,PAPI,1,Individual,Person
soep-core,soep-core-2014-s,Pre-Teen (11-12 Jahre) 2014,Pre-Teen (11-12 Jahre) 2014,,,,2014,,,9,Pre-teen (11-12-year-olds),Pre-Teen (11-12 Jahre)
soep-core,soep-core-2019-s-3,"Pre-teen (11-12-year-olds, CAWI) 2019","Pre-Teen (11-12 Jahre, CAWI) 2019",,,p,2019,167,CAWI,9,Pre-teen (11-12-year-olds),Pre-Teen (11-12 Jahre)
soep-core,soep-core-2020-s,"Pre-teen (11-12-year-olds, PAPI) 2020","Pre-Teen (11-12 Jahre, PAPI) ",,,p,2020,223,PAPI,9,Pre-teen (11-12-year-olds),Pre-Teen (11-12 Jahre)
soep-core,soep-core-2018-s,"Pre-teen (11-12-year-olds, PAPI) 2018","Pre-Teen (11-12 Jahre, PAPI) 2018 ",,,p,2018,138,PAPI,9,Pre-teen (11-12-year-olds),Pre-Teen (11-12 Jahre)
soep-core,soep-core-2019-s-2,"Pre-teen (11-12-year-olds, CAPI) 2019","Pre-Teen (11-12 Jahre, CAPI) 2019",,,p,2019,166,CAPI,9,Pre-teen (11-12-year-olds),Pre-Teen (11-12 Jahre)
soep-core,soep-core-2015-s,Pre-Teen (11-12 year-olds) 2015,Pre-Teen (11-12 Jahre) 2015,,,,2015,,,9,Pre-teen (11-12-year-olds),Pre-Teen (11-12 Jahre)
soep-core,soep-core-2019-s-lgb,"Pre-teen (11-12-year-olds, Q) 2019","Pre-Teen (11-12 Jahre, Q) 2019",,,p,2019,168,CAPI,9,Pre-teen (11-12-year-olds),Pre-Teen (11-12 Jahre)
soep-core,soep-core-2020-s-2,"Pre-teen (11-12-year-olds, CAPI) 2020","Pre-Teen (11-12 Jahre, CAPI) ",,,p,2020,224,CAPI,9,Pre-teen (11-12-year-olds),Pre-Teen (11-12 Jahre)
soep-core,soep-core-2016-s,Pre-teen (11-12-year-olds) 2016,Pre-Teen (11-12 Jahre) 2016,,,p,2016,,,9,Pre-teen (11-12-year-olds),Pre-Teen (11-12 Jahre)
soep-core,soep-core-2019-s,"Pre-teen (11-12-year-olds, PAPI) 2019","Pre-Teen (11-12 Jahre, PAPI) 2019",,,p,2019,165,PAPI,9,Pre-teen (11-12-year-olds),Pre-Teen (11-12 Jahre)
soep-core,soep-core-2017-s,"Pre-teen (11-12-year-olds, PAPI) 2017","Pre-Teen (11-12 Jahre, PAPI) 2017",,,p,2017,90,PAPI,9,Pre-teen (11-12-year-olds),Pre-Teen (11-12 Jahre)
soep-core,soep-core-2016-s2,Early Youth (13-14-year-olds) 2016,Frühe Jugend (13-14 Jahre) 2016,,,p,2016,,,9,Pre-teen (11-12-year-olds),Pre-Teen (11-12 Jahre)
soep-core,soep-core-2017-s2,"Early Youth (13-14-year-olds, PAPI) 2017","Frühe Jugend (13-14 Jahre, PAPI) 2017",,,p,2017,91,PAPI,8,Early Youth (13-14-year-olds),Frühe Jugend (13-14 Jahre)
soep-core,soep-core-2019-s2-3,"Early Youth (13-14-year-olds, CAWI) 2019","Frühe Jugend (13-14 Jahre, CAWI) 2019",,,p,2019,171,CAWI,8,Early Youth (13-14-year-olds),Frühe Jugend (13-14 Jahre)
soep-core,soep-core-2019-s2-2,"Early Youth (13-14-year-olds, CAPI) 2019","Frühe Jugend (13-14 Jahre, CAPI) 2019",,,p,2019,170,CAPI,8,Early Youth (13-14-year-olds),Frühe Jugend (13-14 Jahre)
soep-core,soep-core-2020-s2-2,"Early Youth (13-14-year-olds, CAPI) 2020","Frühe Jugend (13-14 Jahre, CAPI) ",,,p,2020,228,CAPI,8,Early Youth (13-14-year-olds),Frühe Jugend (13-14 Jahre)
soep-core,soep-core-2019-s2,"Early Youth (13-14-year-olds, PAPI) 2019","Frühe Jugend (13-14 Jahre, PAPI) 2019",,,p,2019,169,PAPI,8,Early Youth (13-14-year-olds),Frühe Jugend (13-14 Jahre)
soep-core,soep-core-2020-s2,"Early Youth (13-14-year-olds, PAPI) 2020","Frühe Jugend (13-14 Jahre, PAPI) ",,,p,2020,227,PAPI,8,Early Youth (13-14-year-olds),Frühe Jugend (13-14 Jahre)
soep-core,soep-core-2018-s2,"Early Youth (13-14-year-olds, PAPI) 2018","Frühe Jugend (13-14 Jahre, PAPI) 2018",,,p,2018,139,PAPI,8,Early Youth (13-14-year-olds),Frühe Jugend (13-14 Jahre)
soep-core,soep-core-2019-s2-lgb,"Early Youth (13-14-year-olds, Q) 2019","Frühe Jugend (13-14 Jahre, Q) 2019",,,p,2019,172,CAPI,8,Early Youth (13-14-year-olds),Frühe Jugend (13-14 Jahre)
soep-core,soep-core-1988-so,Financial Statement,Vermögensbilanz,,,,1988,,,,,
soep-core,soep-core-2019-vp3,Deceased Individual (CAWI) 2019,Verstorbene Person (CAWI) 2019,,,p,2019,197,CAWI,16,Deceased Individual,Verstorbene Person
soep-core,soep-core-2009-vp,Deceased Individual 2009,Verstorbene Person 2009,,,,2009,,,16,Deceased Individual,Verstorbene Person
soep-core,soep-core-2019-vp2,Deceased Individual (CAPI) 2019,Verstorbene Person (CAPI) 2019,,,p,2019,196,CAPI,16,Deceased Individual,Verstorbene Person
soep-core,soep-core-2014-vp,Deceased Individual 2014,Verstorbene Person 2014,,,,2014,,,16,Deceased Individual,Verstorbene Person
soep-core,soep-core-2020-vp2,Deceased Individual (CAPI) 2020,Verstorbene Person (CAPI) 2020,,,p,2020,256,CAPI,16,Deceased Individual,Verstorbene Person
soep-core,soep-core-2015-vp,Deceased Individual 2015,Verstorbene Person 2015,,,,2015,,,16,Deceased Individual,Verstorbene Person
soep-core,soep-core-2019-vp,Deceased Individual (PAPI) 2019,Verstorbene Person (PAPI) 2019,,,p,2019,195,PAPI,16,Deceased Individual,Verstorbene Person
soep-core,soep-core-2012-vp,Deceased person 2012,Verstorbene Person 2012,,,,2012,,,16,Deceased Individual,Verstorbene Person
soep-core,soep-core-2017-vp,Deceased Individual (PAPI) 2017,Verstorbene Person (PAPI) 2017,,,p,2017,,PAPI,16,Deceased Individual,Verstorbene Person
soep-core,soep-core-2011-vp,Deceased Individual 2011,Verstorbene Person 2011,,,,2011,,,16,Deceased Individual,Verstorbene Person
soep-core,soep-core-2018-vp,Deceased Individual (PAPI) 2018,Verstorbene Person (PAPI) 2018,,,p,2018,,PAPI,16,Deceased Individual,Verstorbene Person
soep-core,soep-core-2020-vp,Deceased Individual (PAPI) 2020,Verstorbene Person (PAPI) 2020,,,p,2020,255,PAPI,16,Deceased Individual,Verstorbene Person
soep-core,soep-core-2016-vp,Deceased Individual 2016,Verstorbene Person 2016,,,p,2016,,,16,Deceased Individual,Verstorbene Person
soep-core,soep-core-2013-vp,Deceased Individual 2013,Verstorbene Person 2013,,,,2013,,,16,Deceased Individual,Verstorbene Person
soep-core,soep-core-2010-vp,Deceased Individual 2010,Verstorbene Person 2010,,,,2010,,,16,Deceased Individual,Verstorbene Person
soep-core,soep-core-2019-wuma-p,Residential Environment (P) 2019,Wohnumfeld (P) 2019,,,p,2019,,CAPI,29,Residential Environment,Wohnumfeld
soep-core,soep-core-2019-wuma-q,Residential Environment (Q) 2019,Wohnumfeld (Q) 2019,,,p,2019,,CAPI,29,Residential Environment,Wohnumfeld
