study,questionnaire,question,item,template.id,text_de,instruction_de,text,instruction,scale,answer_list,concept,filter,goto,description,number
soep-core,soep-core-2014-ju,0,,1298,"
Dieser Fragebogen richtet sich an Personen im Haushalt, die 1997 geboren sind und erstmals per­sönlich an der Befragung teilnehmen.
Ihre Mitarbeit ist freiwillig. Die wissenschaftliche Aussagekraft dieser Untersuchung hängt aber ent­scheidend von der Mitarbeit aller Personen in allen Haushalten ab.
Darum bitten wir Sie herzlich, 
– unserem Mitarbeiter dieses Interview zu gewähren
– oder den Fragebogen sorgfältig selbst auszufüllen.",,"This questionnaires addresses household members born 1997 and are participating for the first time ever. Your cooperation is voluntary. The scientific validity of this survey, however, depends on cooperation of every member of every household..",,txt,,,,,,
soep-core,soep-core-2014-ju,0,1,1298,"
Bitte vor Übergabe unbedingt eintragen lt. Adressenprotokoll:",,"Before handing in the questionnaire, please
enter in accordance with the address log:","Before handing in the questionnaire, please enter in accordance with the address log:",txt,,,,,,
soep-core,soep-core-2014-ju,0,hnr,1298,Nr. des Haushalts,,Household number,Number of household,int,,hnr,,,,
soep-core,soep-core-2014-ju,0,pnr,1298,Person Nr.:,,Person number,Person ID:,int,,pnr,,,,
soep-core,soep-core-2014-ju,0,name,1298,Vorname,,First name,First Name,chr,,name,,,,
soep-core,soep-core-2014-ju,1,,931,Wohnen Sie gegenwärtig im elterlichen Haushalt?,,Do you currently live in your parental household?,,cat,1+,jwohn1,,2 @ 4,"Routing:
*IF [Q1000,2] *GOTO 4000
",1
soep-core,soep-core-2014-ju,2,,1215,"Haben Sie ein eigenes Zimmer für sich alleine, oder teilen Sie Ihr Zimmer mit anderen Personen (beispielsweise Geschwistern)?",,Do you have a room of your own? Or do you share your room (e.g. with siblings)?,,cat,286+,jwohn2,1;jwohn1=1,,Zimmer,2
soep-core,soep-core-2014-ju,3,,1216,"Haben Sie neben der Wohnung bei Ihren Eltern noch eine andere Wohnung oder ein Zimmer, wo Sie selbst auch wohnen?",,"Do you haven an additional room or appartment, where you live?",,cat,1+,jwohn3,,,,3
soep-core,soep-core-2014-ju,4,,935,Verdienen Sie schon selbst Geld durch Arbeit oder Jobs?,,Do you already have a job to earn own money?,,cat,1+,jjob1,,2 @ 6,"Routing:
*IF [Q4000,2] *GOTO 6000
",4
soep-core,soep-core-2014-ju,5,,1217,Verdienen Sie das Geld ...,,Do you earn the money …,,cat,353+,jjob2,4;jjob1=1,3 @ 7,Stellung im Job,5
soep-core,soep-core-2014-ju,6,,1299,Haben Sie früher schon einmal „gejobbt“ und damit etwas Geld verdient?,"Gemeint sind einigermaßen regelmäßige Verdienstquellen während der Ferien oder während desganzen Jahres, z.B. häufiges Babysitten, Nachhilfeunterricht geben oder Austragen von Zeitungen",Have you ever done side jobs to earn money?,"What we are referring to are relatively regular jobs during school vacation or the school year (babysitting, tutoring, delivering newspapers, etc.)",cat,1+,jjob3,5;jjob2=1 : 2,2@9,Job /Arbeit (früher),6
soep-core,soep-core-2014-ju,7,,1300,In welchem Alter haben Sie erstmals mit dem regelmäßigen „Jobben“ bzw. Geldverdienen angefangen?,,How old were you when starting doing side jobs or earning money?,,txt,,,6;jjob3=1,,Alter erster Job,7
soep-core,soep-core-2014-ju,7,jjob4,1300,Im Alter von . . . Jahren,,I was … years old,,int,,jjob4,,,,7
soep-core,soep-core-2014-ju,8,,939,"Haben Sie diese Jobs aus Interesse ausgeübt oder nur, um sich noch ein paar Euro hinzuzuverdienen?",,Did you start those jobs because you were interested or to earn some money?,,cat,288+,jjob5,,,,8
soep-core,soep-core-2014-ju,9,,1220,"Wie ist das heute:
Erhalten Sie Taschengeld oder einen regelmäßigen Zuschuss von Ihren Eltern oder anderen Verwandten?",,How is it today? Do you get pocket money or a regular financial support from your parents or other relatives?,,cat,1+,jtg1,,2 @ 11,"Routing:
*IF [Q9000,2] **GOTO BLOCK 1100
",9
soep-core,soep-core-2014-ju,10,,1221,Wieviel Taschengeld oder Zuschuss erhalten Sie regelmäßig pro Woche oder pro Monat?,,How much pocket money/allowance do you get per week / per month?,,txt,,,9;jtg1=1,,,10
soep-core,soep-core-2014-ju,10,jtg2,1221,Pro Woche ...Euro,,… euros per week,,int,,jtg2,,,,10
soep-core,soep-core-2014-ju,10,3,1221,oder,,or,,txt,,,,,,10
soep-core,soep-core-2014-ju,10,jtg3,1221,Pro Monat … Euro,,… euros per month,,int,,jtg3,,,,10
soep-core,soep-core-2014-ju,11,,1301,"Können Sie gelegentlich oder regelmäßig etwas Geld sparen, 
z.B. für eigene Anschaffungen oder Reisen?",,"Are you able to save some money regularly (for vacations, larger purchases, etc.) ",,cat,335+,jspar1,,3 @ 12,"Routing:
*IF [Q11010,3] *GOTO 12000
",11
soep-core,soep-core-2014-ju,11,2,1301,Wie viel sparen Sie ungefähr im Monat?,,How much do you save per month approximately?,,txt,,,11;jspar1 =1:2,,,11
soep-core,soep-core-2014-ju,11,jspar2,1301,Ungefähr … Euro pro Monat,,About … euros per month,,int,,jspar2,,,"Researcher Notes:
Option ""Euro"" nicht zum ankreuzen, es findet sich also kein Wert dafür in den Daten.

Filter:
ASK ONLY IF Q1101 : JSPAR1=1,2
",11
soep-core,soep-core-2014-ju,11,jspar3,1301,"Nicht zu sagen, ganz unregelmäßig",,"Can't say, it's very irregular",,bin,,jspar3,,,,11
soep-core,soep-core-2014-ju,12,,1205,Wie wichtig sind für Ihr Leben derzeit folgende Menschen?,Bitte ein Kreuz pro Zeile!,How important are the following persons to you?,Please state one entry per row!,txt,,,,,"Researcher Notes:
Statement 1 = JWICH1
**Statement 2 = JWICH2
**Statement 3 = JWICH3
**Statement 4 = JWICH4
**Statement 5 = JWICH5
**Statement 6 = JWICH6
**Statement 7 = JWICH7
**Statement 8 = JWICH8
**Statement 9 = JWICH9
",12
soep-core,soep-core-2014-ju,12,jwich1,1205,Mein Vater,,My father,,cat,290+,jwich1,,,,12
soep-core,soep-core-2014-ju,12,jwich2,1205,Meine Mutter,,My mother,,cat,290+,jwich2,,,,12
soep-core,soep-core-2014-ju,12,jwich3,1205,Mein Bruder / meine Schwester,,My brother / my sister,,cat,290+,jwich3,,,,12
soep-core,soep-core-2014-ju,12,jwich4,1205,Eine andere verwandte Person,,Another relative,,cat,290+,jwich4,,,,12
soep-core,soep-core-2014-ju,12,jwich5,1205,Meine feste Freundin / mein fester Freund,,My steady boyfriend / girlfriend,,cat,290+,jwich5,,,,12
soep-core,soep-core-2014-ju,12,jwich6,1205,Mein bester Freund / meine beste Freundin,,My best friend,,cat,290+,jwich6,,,,12
soep-core,soep-core-2014-ju,12,jwich7,1205,Ein Lehrer / eine Lehrerin,,A teacher,,cat,290+,jwich7,,,,12
soep-core,soep-core-2014-ju,12,jwich8,1205,"Meine Clique / Gruppe, der ich angehöre",,My group of friends / clique,,cat,290+,jwich8,,,,12
soep-core,soep-core-2014-ju,12,jwich9,1205,Eine sonstige Person,,Another person,,cat,290+,jwich9,,,,12
soep-core,soep-core-2014-ju,13,,945,"Wie oft kommt es vor, dass Sie sich mit den folgenden Personen streiten?",Bitte ein Kreuz pro Zeile!,How often do you argue with following persons,Please state one entry per row!,txt,,,,,"Researcher Notes:
Statement 1 = JSTR1
**Statement 2 = JSTR2
**Statement 3 = JSTR3
**Statement 4 = JSTR4
**Statement 5 = JSTR5
",13
soep-core,soep-core-2014-ju,13,jstr1,945,Mit meinem Vater,,With my father,,cat,291+,jstr1,,,,13
soep-core,soep-core-2014-ju,13,jstr2,945,Mit meiner Mutter,,With my mother,,cat,291+,jstr2,,,,13
soep-core,soep-core-2014-ju,13,jstr3,945,Mit meinem Bruder / meiner Schwester,,With my brother / my sister,,cat,291+,jstr3,,,,13
soep-core,soep-core-2014-ju,13,jstr4,945,Mit fester Freundin / festem Freund,,With my steady boyfriend / girlfriend,,cat,291+,jstr4,,,,13
soep-core,soep-core-2014-ju,13,jstr5,945,Mit bestem Freund / bester Freundin,,With my best friend,,cat,291+,jstr5,,,,13
soep-core,soep-core-2014-ju,14,,1302,"Wie häufig treten in Ihrer Beziehung zu Ihren Eltern die folgenden Situationen auf?

Wie häufig kommt es vor, ...","Machen Sie die Angaben für Mutter und Vater jeweils getrennt.
Falls es nur einen Elternteil gibt, lassen Sie die andere Zeile bitte leer!",How often do the following situations occur between you and your parents? How often …,"Please answer questions for father and mother separately! If you have only one parent, leave the other line blank.",txt,,,,,"Researcher Notes:
Statement 1 = JBEZ1M
**Statement 2 = JBEZ2M
**Statement 3 = JBEZ3M
**Statement 4 = JBEZ4M
**Statement 5 = JBEZ5M
**Statement 6 = JBEZ6M
**Statement 7 = JBEZ7M
**Statement 8 = JBEZ8M
**Statement 9 = JBEZ9M
",14
soep-core,soep-core-2014-ju,14,jbez1m,1302,"dass Ihre Eltern mit Ihnen über Dinge sprechen, die Sie tun oder erlebt haben? [Mutter]",,do your parents talk to you about things you do or things you have experienced? [mother],,cat,292+,jbez1m,,,,14
soep-core,soep-core-2014-ju,14,jbez1v,1302,"dass Ihre Eltern mit Ihnen über Dinge sprechen, die Sie tun oder erlebt haben? [Vater]",,do your parents talk to you about things you do or things you have experienced? [father],,cat,292+,jbez1v,,,,14
soep-core,soep-core-2014-ju,14,jbez2m,1302,"dass Ihre Eltern Dinge ansprechen, die Sie ärgern oder belasten? [Mutter]",,do your parents talk to you about things that bother or worry you? [mother],,cat,292+,jbez2m,,,,14
soep-core,soep-core-2014-ju,14,jbez2v,1302,"dass Ihre Eltern Dinge ansprechen, die Sie ärgern oder belasten? [Vater]",,do your parents talk to you about things that bother or worry you? [father],,cat,292+,jbez2v,,,,14
soep-core,soep-core-2014-ju,14,jbez3m,1302,"dass Ihre Eltern nach Ihrer Meinung fragen, bevor sie etwas entscheiden, das Sie betrifft? [Mutter]",,do your parents ask for your opinion prior to making decisions that affect you? [mother},,cat,292+,jbez3m,,,,14
soep-core,soep-core-2014-ju,14,jbez3v,1302,"dass Ihre Eltern nach Ihrer Meinung fragen, bevor sie etwas entscheiden, das Sie betrifft? [Vater]",,do your parents ask for your opinion prior to making decisions that affect you? [father},,cat,292+,jbez3v,,,,14
soep-core,soep-core-2014-ju,14,jbez4m,1302,"dass, wenn Sie etwas tun, was Ihre Eltern gut finden, Ihre Eltern Ihnen auch zeigen, dass sie sich darüber freuen? [Mutter]",,do your parents show that they are happy if you do something they think is good? [mother],,cat,292+,jbez4m,,,,14
soep-core,soep-core-2014-ju,14,jbez4v,1302,"dass, wenn Sie etwas tun, was Ihre Eltern gut finden, Ihre Eltern Ihnen auch zeigen, dass sie sich darüber freuen? [Vater]",,do your parents show that they are happy if you do something they think is good? [father],,cat,292+,jbez4v,,,,14
soep-core,soep-core-2014-ju,14,jbez5m,1302,"dass, wenn Sie und Ihre Eltern ein Problem miteinander haben, Sie dann gemeinsam eine Lösung finden können? [Mutter]",,do you and your parents find a solution together when you have a problem with each other? [mother],,cat,292+,jbez5m,,,,14
soep-core,soep-core-2014-ju,14,jbez5v,1302,"dass, wenn Sie und Ihre Eltern ein Problem miteinander haben, Sie dann gemeinsam eine Lösung finden können? [Vater]",,do you and your parents find a solution together when you have a problem with each other? [father],,cat,292+,jbez5v,,,,14
soep-core,soep-core-2014-ju,14,jbez6m,1302,"dass Ihre Eltern Ihnen das Gefühl geben, dass sie Ihnen wirklich vertrauen? [Mutter]",,do your parents give you the feeling that they really trust you? [mother],,cat,292+,jbez6m,,,,14
soep-core,soep-core-2014-ju,14,jbez6v,1302,"dass Ihre Eltern Ihnen das Gefühl geben, dass sie Ihnen wirklich vertrauen? [Vater]",,do your parents give you the feeling that they really trust you? [father],,cat,292+,jbez6v,,,,14
soep-core,soep-core-2014-ju,14,jbez7m,1302,"dass Ihre Eltern nach Ihrer Meinung fragen, bevor sie über Familienangelegenheiten entscheiden? [Mutter]",,do your parents ask for your opinion before making decisions on family matters? [mother],,cat,292+,jbez7m,,,,14
soep-core,soep-core-2014-ju,14,jbez7v,1302,"dass Ihre Eltern nach Ihrer Meinung fragen, bevor sie über Familienangelegenheiten entscheiden? [Vater]",,do your parents ask for your opinion before making decisions on family matters? [father],,cat,292+,jbez7v,,,,14
soep-core,soep-core-2014-ju,14,jbez8m,1302,dass Ihre Eltern Ihnen gegenüber Entscheidungen begründen? [Mutter],,do your parents explain their decisions to you? [mother],,cat,292+,jbez8m,,,,14
soep-core,soep-core-2014-ju,14,jbez8v,1302,dass Ihre Eltern Ihnen gegenüber Entscheidungen begründen? [Vater],,do your parents explain their decisions to you? [father],,cat,292+,jbez8v,,,,14
soep-core,soep-core-2014-ju,14,jbez9m,1302,"dass Ihre Eltern Ihnen zeigen, dass sie Sie wirklich lieben? [Mutter]",,do your parents show you that they really love you? [mother],,cat,292+,jbez9m,,,,14
soep-core,soep-core-2014-ju,14,jbez9v,1302,"dass Ihre Eltern Ihnen zeigen, dass sie Sie wirklich lieben? [Vater]",,do your parents show you that they really love you? [father],,cat,292+,jbez9v,,,,14
soep-core,soep-core-2014-ju,15,,1303,Wie häufig üben Sie die folgenden Freizeitbeschäftigungen aus?,Bitte ein Kreuz pro Zeile!,How often do you take part in the following recreational activities?,Please make one X per row!,txt,,,,,"Researcher Notes:
Statement 1 = JFZ01
**Statement 2 = JFZ02
**Statement 3 = JFZ03
**Statement 4 = JFZ04
**Statement 5 = JFZ05
**Statement 6 = JFZ06
**Statement 7 = JFZ07
**Statement 8 = JFZ08
**Statement 9 = JFZ09
**Statement 10 = JFZ10
**Statement 11= JFZ11
**Statement 12 = JFZ12
**Statement 13 = JFZ13
**Statement 14 = JFZ14
**Statement 15 = JFZ15
**Statement 16 = JFZ16
",15
soep-core,soep-core-2014-ju,15,jfz01,1303,Fernsehen / Video / DVD,,Watching TV / Video / DVD,,cat,293+,jfz01,,,,15
soep-core,soep-core-2014-ju,15,jfz02,1303,Computerspiele,,Playing computer games,,cat,293+,jfz02,,,,15
soep-core,soep-core-2014-ju,15,jfz21,1303,Nutzen sozialer Online-Netzwerke,,Using online social media,,cat,293+,jfz21,,,,
soep-core,soep-core-2014-ju,15,jfz14,1303,Sonstiges Surfen im Internet,,Other surfing on the Internet,,cat,293+,jfz14,,,,15
soep-core,soep-core-2014-ju,15,jfz03,1303,Musik hören,,Listening to music,,cat,293+,jfz03,,,,15
soep-core,soep-core-2014-ju,15,jfz04,1303,Musik machen,,Playing music,,cat,293+,jfz04,,,,15
soep-core,soep-core-2014-ju,15,jfz05,1303,Sport treiben,,Doing sports,,cat,293+,jfz05,,,,15
soep-core,soep-core-2014-ju,15,jfz06,1303,"Tanz, Theater u.ä.",,"Dance, theater, etc.",,cat,293+,jfz06,,,,15
soep-core,soep-core-2014-ju,15,jfz07,1303,"Technische Arbeiten, Computer programmieren",,"Technical projects, computer programming",,cat,293+,jfz07,,,,15
soep-core,soep-core-2014-ju,15,jfz08,1303,Lesen,,Reading,,cat,293+,jfz08,,,,15
soep-core,soep-core-2014-ju,15,jfz10,1303,Einfach nichts tun / abhängen / träumen,,Doing nothing / relaxing / dreaming,,cat,293+,jfz10,,,,15
soep-core,soep-core-2014-ju,15,jfz11,1303,Mit fester Freundin / festem Freund zusammensein,,Spending time with boyfriend / girlfriend,,cat,293+,jfz11,,,,15
soep-core,soep-core-2014-ju,15,jfz12,1303,Mit bestem Freund / bester Freundin zusammensein,,Spending time with best friend,,cat,293+,jfz12,,,,15
soep-core,soep-core-2014-ju,15,jfz13,1303,Mit Gruppe / Clique zusammensein,,Spending time with my group of friends / clique,,cat,293+,jfz13,,,,15
soep-core,soep-core-2014-ju,15,jfz15,1303,Ins Jugendzentrum / Freizeitheim gehen,,Going to youth / community center,,cat,293+,jfz15,,,,15
soep-core,soep-core-2014-ju,15,jfz09,1303,"Ehrenamtliche Tätigkeiten im Verein, in sozialen Diensten",,Volunteer work in a club / association / social organization,,cat,293+,jfz09,,,,15
soep-core,soep-core-2014-ju,15,jfz16,1303,"Kirchgang, Besuch religiöser Veranstaltungen",,"Going to church, religious events",,cat,293+,jfz16,,,,15
soep-core,soep-core-2014-ju,16,,948,"Üben Sie aktiv Musik aus, gemeint ist: Gesang oder Spielen eines Musikinstruments?",,"Are you actively involved in music? For example, do you sing or play a musical instrument?",,cat,1+,jmus1,,2 @ 21,"Routing:
*IF [Q16000,2] *GOTO 21000
",16
soep-core,soep-core-2014-ju,17,,1225,Welche Art von Musik machen Sie überwiegend?,,What kind of music is that mainly?,,cat,380+,jmus2,16;jmus1=1,,Musikart,17
soep-core,soep-core-2014-ju,18,,1226,"Üben Sie die Musik nur alleine, in einem Orchester oder in einer Musikgruppe oder Band aus?",,Do you play music allone or in an orchestra or a band?,,cat,336+,jmus3,,,,18
soep-core,soep-core-2014-ju,19,,951,"In welchem Alter haben Sie begonnen, ein Musikinstrument oder Gesang zu lernen?",,How old were you when starting to play a musical intrument / starting to sing?,,txt,,,,,,19
soep-core,soep-core-2014-ju,19,jmus4,951,Mit … Jahren,,… Years,,int,,jmus4,,,,19
soep-core,soep-core-2014-ju,20,,1040,Haben oder hatten Sie dafür auch bezahlten Musikunterricht (außerhalb der Schule)?,,Did you had paid music lessons (in addition to school),,cat,1+,jmus5,,,,20
soep-core,soep-core-2014-ju,21,,953,Treiben Sie Sport?,,Do you do any sport?,,cat,1+,jsp1,,2 @ 26,"Routing:
*IF [Q21000,2] *GOTO 26000
",21
soep-core,soep-core-2014-ju,22,,954,"Welches ist für Sie die wichtigste Sportart, die Sie ausüben?",,What is the most important kind of sport to you?,,txt,,,21;jsp1=1,,Sportart,22
soep-core,soep-core-2014-ju,22,jsp2,954,Wichtigste Sportart:,,Most important sport:,,chr,,jsp2,,,,22
soep-core,soep-core-2014-ju,23,,1042,In welchem Alter haben Sie mit dieser Sportart begonnen?,,At which age did you start practicing that sport?,,txt,,,,,,23
soep-core,soep-core-2014-ju,23,jsp3,1042,Mit … Jahren,,With … years,,int,,jsp3,,,,23
soep-core,soep-core-2014-ju,24,,956,Wo und mit wem betreiben Sie diese Sportart hauptsächlich?,,Where and when do you practice that sport?,,cat,296+,jsp4,,,,24
soep-core,soep-core-2014-ju,25,,957,Nehmen Sie in dieser Sportart auch an Wettkämpfen teil?,,"Do you take part in competitions in this sport?
",,cat,1+,jsp5,,,,25
soep-core,soep-core-2014-ju,26,,1304,Gehen Sie noch zur Schule?,,Are you still in school?,,cat,381+,jsch,,,"Routing:
*IF [Q26000,1] *GOTO 30000 
*IF [Q26000,2] *GOTO 30000 
*IF [Q26000,3] *GOTO 30000 
*IF [Q26000,4] *GOTO 30000
",26
soep-core,soep-core-2014-ju,26,jschkl,1304,"Und in der wievielten Klasse sind Sie?
In der … Klasse",,What grade are you in? In the .... grade.,,int,,jschkl,26;jsch=1:4,,,26
soep-core,soep-core-2014-ju,27,,1228,In welchem Jahr haben Sie die allgemeinbildende Schule beendet?,,In which year did you leave school?,,txt,,,26;jsch=5:6,,Jahr allgemeinbildende Schule beendet,27
soep-core,soep-core-2014-ju,27,jschend,1228,Jahr,,Year,,int,,jschend,,,,27
soep-core,soep-core-2014-ju,28,,1229,Mit was für einem Abschluss haben Sie die Schule verlassen?,,What was you type of graduation certificate?,,cat,382+,jschab1,26;jsch=5:6,,,28
soep-core,soep-core-2014-ju,28,jschab2,1229,[Schule ohne Abschluss verlassen] Art der Schule,Bitte eintragen: Art der Schule,[Left school without graduation certificate] Type of general school,Please state the type of general school,chr,,jschab2,28;jschab1=1,,Art der Schule (ohne Abschluss),28_1
soep-core,soep-core-2014-ju,28,jschab3,1229,[Sonstiger Abschluss] Art des Abschlusses,Bitte eintragen: Art des Abschlusses,[Other degree/certificate] Type of graduation certificate,Please state the type of graduation certificate,chr,,jschab3,28;jschab1=6,,Sonst_Schulabschluss,28_2
soep-core,soep-core-2014-ju,29,,962,Streben Sie in Zukunft noch einen Schulabschluss an?,,Do you intend to get graduate in future?,,cat,299+,jschab4,26;jsch=5:6,3 @ 31,"Routing:
*IF [Q29000,3] **GOTO BLOCK 3100
",29
soep-core,soep-core-2014-ju,30,,1107,Welchen höchsten Schulabschluss streben Sie an?,,What is the highest degree you are prefer to get?,,cat,355+,jschab5,29;jschab4=1:2,,angestrebte Schulabschlussart,30
soep-core,soep-core-2014-ju,31,,1305,"Welche Fremdsprachen haben Sie in der Schule gelernt?
Welches war Ihre erste Fremdsprache? 
Und welches Ihre zweite, sofern Sie eine zweite Fremdsprache hatten?",,Which foreign languages did you learn in school? What were your first and second foreign languages?,,txt,,,,,,31
soep-core,soep-core-2014-ju,31,jspr1,1305,Erste Fremdsprache,,First foreign language:,,cat,356+,jspr1,,,,31
soep-core,soep-core-2014-ju,31,jspr2,1305,Zweite Fremdsprache,,Second foreign language:,,cat,357+,jspr2,,,,31
soep-core,soep-core-2014-ju,32,,1306,"Haben Sie jemals in einem anderen Land, also nicht in Deutschland, die Schule besucht?",,Did you ever attend school in another country than Germany?,,cat,303+,jschl,,,,32
soep-core,soep-core-2014-ju,32,0,1306,Und in welchem Alter war das?,,And how old were you?,,txt,,,32:jschl=1:2,,,
soep-core,soep-core-2014-ju,32,jschlv,1306,Im Alter von …,,From the age of  …,,int,,jschlv,32:jschl=1:2,,,
soep-core,soep-core-2014-ju,32,jschlb,1306,… bis Jahren,falls länger,To the age of …,if longer,int,,jschlb,32:jschl=1:2,,,
soep-core,soep-core-2014-ju,33,,966,Haben Sie jemals eine Privatschule besucht?,,Did you participate a private school?,,cat,304+,jprsch,,,,33
soep-core,soep-core-2014-ju,34,,1307,"Neben dem normalen Unterricht gibt es ja auch andere Möglichkeiten, sich in der Schule 
zu engagieren. Haben Sie sich in Ihrer Schulzeit – früher oder jetzt – in einem oder mehreren 
der folgenden Bereiche engagiert? 

Ja und zwar...",Bitte alles Zutreffende ankreuzen!,Have you ever been involved in one of the following areas at school (outside your normal classes)? Yes (please say which ones):,Please mark all that apply!,txt,,,,,"Researcher Notes:
Statement 1 = JENG1
**Statement 2 = JENG2
**Statement 3 = JENG3
**Statement 4 = JENG4
**Statement 5 = JENG5
**Statement 6 = JENG6
**Statement 7 = JENG7
**Statement 8 = JENG8
",34
soep-core,soep-core-2014-ju,34,jeng1,1307,als Klassensprecher,,Class representative,,bin,,jeng1,,,,34
soep-core,soep-core-2014-ju,34,jeng2,1307,als Schulsprecher,,Student body president,,bin,,jeng2,,,,34
soep-core,soep-core-2014-ju,34,jeng3,1307,beim Erstellen einer Schülerzeitung,,Involved with school newspaper,,bin,,jeng3,,,,34
soep-core,soep-core-2014-ju,34,jeng4,1307,in Theatergruppe / Tanzgruppe,,Member of theater / dance group,,bin,,jeng4,,,,34
soep-core,soep-core-2014-ju,34,jeng5,1307,in Chor / Orchester / Musikgruppe,,"Member of choir, orchestra, music group",,bin,,jeng5,,,,34
soep-core,soep-core-2014-ju,34,jeng6,1307,in freiwilliger Sport-AG,,Belong to volunteer sport group,,bin,,jeng6,,,,34
soep-core,soep-core-2014-ju,34,jeng7,1307,in sonstiger AG oder Neigungsgruppe,,Other kind of school group,,bin,,jeng7,,,,34
soep-core,soep-core-2014-ju,34,jeng8,1307,"Nein, nichts davon",,None of the above,,bin,,jeng8,,,,34
soep-core,soep-core-2014-ju,35,,1308,"Wie zufrieden sind Sie selbst mit Ihren schulischen Leistungen, 
Wie sie heute bzw. zuletzt waren?

Bin mit meinen ...","Bitte kreuzen Sie für jede Leistung auf der Skala einen Wert an:
Wenn Sie ganz und gar unzufrieden sind, den Wert „0“,
wenn Sie ganz und gar zufrieden sind, den Wert „10“.
Wenn Sie teils zufrieden / teils unzufrieden sind, einen Wert dazwischen.","How satisfied are you with your grades and progress at school? For example, with your...","Please answer on a scale from 0 to 10, where 0 means completely dissatisfied and 10 means completely satisfied.",txt,,,,,"Researcher Notes:
Skala sollte von 0 bis 10 reichen
**
**Statement 1 = JLEIST1
**Statement 2 = JLEIST2
**Statement 3 = JLEIST3
**Statement 4 = JLEIST4
",35
soep-core,soep-core-2014-ju,35,jleist1,1308,schulischen Leistungen insgesamt,,Grades overall,,cat,383+,jleist1,,,,35
soep-core,soep-core-2014-ju,35,jleist2,1308,Leistungen in Deutsch,,Grades in German,,cat,383+,jleist2,,,,35
soep-core,soep-core-2014-ju,35,jleist3,1308,Leistungen in Mathematik,,Grades in Mathematics,,cat,383+,jleist3,,,,35
soep-core,soep-core-2014-ju,35,jleist4,1308,Leistungen in der ersten Fremdsprache,,Grades in first foreign language,,cat,383+,jleist4,,,,35
soep-core,soep-core-2014-ju,36,,969,"Hatten Sie nach Abschluss der Grundschule eine Haupt-, Realschul- oder eine Gymnasialempfehlung?",,"After leaving primary school: Did you have a school recommendation for a secondary general school, an intermediate secondary school or an upper secondary school?",,cat,306+,jempf,,,,36
soep-core,soep-core-2014-ju,37,,1309,Welche Note oder welche Punktzahl hatten Sie in Ihrem letzten Zeugnis in den folgenden drei Fächern?,Bitte tragen Sie das Zutreffende ein:,What grades did you get in the following three subjects on your last report card?,Please state!,txt,,,,,"Researcher Notes:
Als numerische Werte behandeln.
**
**Statement 1 = JSCH1A
**Statement 2 = JSCH2A
",37
soep-core,soep-core-2014-ju,37,jsch1a,1309,[Deutsch] Schulnote von 1-6,,[German] Grade 1 – 6,,int,,jsch1a,,,,37_1
soep-core,soep-core-2014-ju,37,2,1309,oder,,or,,txt,,,,,,37_1
soep-core,soep-core-2014-ju,37,jsch2a,1309,[Deutsch] Punktezahl von 0-15,,[German] Points 0-15,,int,,jsch2a,,,,37_1
soep-core,soep-core-2014-ju,37,jschart,1309,,"Bitte zusätzlich die Schulart und falls zutreffend, Niveau oder Kurs angeben: ",,"Also add the school type and, if applicable, level and course.",cat,402+,jschart,,,,37
soep-core,soep-core-2014-ju,37,jsch3a,1309,"[Deutsch] [Gesamtschule] Niveau A, B, C",,"[German] Level A, B, C",,chr,,jsch3a,37:jschart=1,,,37_1
soep-core,soep-core-2014-ju,37,jsch4a,1309,[Deutsch] [gymnasiale Oberstufe] und zwar:,,[German],,cat,378+,jsch4a,37:jschart=2,,,37_1
soep-core,soep-core-2014-ju,37,jsch1b,1309,[Mathematik] Schulnoten von 1-6,,[Mathematics] Grade 1-6,,int,,jsch1b,,,,37_2
soep-core,soep-core-2014-ju,37,3,1309,oder,,or,,txt,,,,,,
soep-core,soep-core-2014-ju,37,jsch2b,1309,[Mathematik] Punktezahl von 0-15,,[Mathematics] Points 0-15,,int,,jsch2b,37:jschart=1,,,37_2
soep-core,soep-core-2014-ju,37,jsch3b,1309,"[Mathematik] [Gesamtschule] Niveau A, B, C",,"[Mathematics] Level A, B, C",,chr,,jsch3b,37:jschart=2,,,37_3
soep-core,soep-core-2014-ju,37,jsch4b,1309,[Mathematik] [gymnasiale Oberstufe] und zwar:,,[Mathematics],,cat,378+,jsch4b,,,,37_2
soep-core,soep-core-2014-ju,37,jsch1c,1309,[Erste Fremdsprache] Schulnoten von 1-6,,[1. foreign language] Grade 1-6,,int,,jsch1c,,,,37_3
soep-core,soep-core-2014-ju,37,4,1309,oder,,or,,txt,,,,,,
soep-core,soep-core-2014-ju,37,jsch2c,1309,[Erste Fremdsprache] Punktezahl von 0-15,,[1. foreign language] Point 0-15,,int,,jsch2c,,,,37_3
soep-core,soep-core-2014-ju,37,jsch3c,1309,"[Erste Fremdsprache]  [Gesamtschule] Niveau A, B, C",,"[1. foreign language] Level A, B, C",,chr,,jsch3c,37:jschart=1,,,37_3
soep-core,soep-core-2014-ju,37,jsch4c,1309,[Erste Fremdsprache] [gymnasiale Oberstufe] und zwar:,,[1. foreign language],,cat,378+,jsch4c,37:jschart=2,,,37_3
soep-core,soep-core-2014-ju,38,,971,Haben Sie in Ihrer Schulzeit einmal eine Klasse wiederholt?,,Have you ever repeated a grade?,,cat,1+,jwied1,,2 @ 40,,38
soep-core,soep-core-2014-ju,39,,1234,Welche Klasse haben Sie wiederholt?,,Which grade you had to repeat?,,txt,,,38;jwied1=1,,Wiederholung Klasse,39
soep-core,soep-core-2014-ju,39,jwied2,1234,Das erste Mal die … Klasse,,First time: … grade,,int,,jwied2,,,,39
soep-core,soep-core-2014-ju,39,3,1234,Falls zutreffend:,,If apply:,,txt,,,,,,39
soep-core,soep-core-2014-ju,39,jwied3,1234,Das zweite Mal die … Klasse,,Second time: … grade,,int,,jwied3,,,,39
soep-core,soep-core-2014-ju,40,,973,Haben Sie irgendwann einmal bezahlten Nachhilfeunterricht bekommen?,,Did you ever had a paid tutor?,,cat,1+,jnach,,,,40
soep-core,soep-core-2014-ju,41,,1235,Wie stark kümmern sich oder haben sich Ihre Eltern um Ihre Leistungen in der Schule gekümmert?,,How much care or cared your parents for your grades and progress at school?,,cat,384+,jelt1,,,,41
soep-core,soep-core-2014-ju,42,,1236,Unterstützen Ihre Eltern oder haben Ihre Eltern Sie auch selbst bei den Hausaufgaben und beim Lernen für die Schule unterstützt?,,Did your parents support you with homework / studying?,,cat,338+,jelt2,,,,42
soep-core,soep-core-2014-ju,43,,1237,Gibt es oder gab es Meinungsverschiedenheiten in Ihrem Elternhaus wegen Ihrer schulischen Leistungen?,,Did you have disagreements with your parents over your studies?,,cat,339+,jelt3,,,,43
soep-core,soep-core-2014-ju,44,,1310,In welcher Weise suchen Ihre Eltern oder haben Ihre Eltern den Kontakt mit der Schule gesucht?,Bitte alles Zutreffende ankreuzen!,How do/did your parents make contact with the school?,Please mark all that apply!,txt,,,,,"Researcher Notes:
Statement 1 = JELT4
**Statement 2 = JELT5
**Statement 3 = JELT6
**Statement 4 = JELT7
**Statement 5 = JELT8
",44
soep-core,soep-core-2014-ju,44,jelt4,1310,Regelmäßige Teilnahme am Elternabend,,Attend parent evenings at the school on a regular basis,,bin,,jelt4,,,,44
soep-core,soep-core-2014-ju,44,jelt5,1310,Regelmäßige Besuche von Elternsprechtagen,,Attend parent-teacher conferences on a regular basis,,bin,,jelt5,,,,44
soep-core,soep-core-2014-ju,44,jelt6,1310,Aufsuchen des Lehrers / der Lehrerin auch außerhalb von Sprechtagen,,Meet with teacher outside of parent-teacher conferences,,bin,,jelt6,,,,44
soep-core,soep-core-2014-ju,44,jelt7,1310,Engagement als Elternvertreter,,Serve as a parent representative in the parent-teacher association,,bin,,jelt7,,,,44
soep-core,soep-core-2014-ju,44,jelt8,1310,Nichts davon,,None of the above,,bin,,jelt8,,,,44
soep-core,soep-core-2014-ju,45,,1239,"Wenn Sie einmal an die Schulklasse denken, die Sie gegenwärtig besuchen oder zuletzt besucht haben:
Wie viele Ihrer Mitschüler oder deren Eltern stammen oder stammten nicht aus Deutschland?",,If you think back to the last grade of school you attended: How many of your fellow students or their parents were not from Germany?,,cat,311+,jausl,,,,45
soep-core,soep-core-2014-ju,46,,1240,"Haben Sie schon irgendeine Art beruflicher Ausbildung begonnen oder abgeschlossen, einschließlich Lehrgängen oder Praktika außerhalb der Schule?",,Did you already start job training or an apprenticeship? (Including internships or training outside school),,cat,1+,jaus01,,2 @ 48,"Routing:
*IF [Q46000,2] *GOTO 48000
",46
soep-core,soep-core-2014-ju,47,,1311,"Welche Art von Ausbildung ist oder war das?
Falls schon beendet: Haben Sie die Ausbildung/das Studium regulär abgeschlossen?","Bitte alles Zutreffende ankreuzen!
Mehrfachnennungen möglich!","What type of education or vocational training are/were you pursuing? If you have already completed the training / apprenticeship, did you do so within the regular schedule?",Please mark all that apply! Multiple answers possible.,txt,,,46;jaus01=1,,Art berufliche Ausbildung,47
soep-core,soep-core-2014-ju,47,jaus02,1311,Berufsgrundschuljahr / Berufsvorbereitungsjahr,,Basic occupational training year (Berufsgrundbildungsjahr) / occupational preparation year (Berufsvorbereitungsjahr),,cat,312+,jaus02,,,,47
soep-core,soep-core-2014-ju,47,jaus03,1311,Berufliche Eingliederungslehrgänge,,Occupational integration courses (Berufliche Eingliederungslehrgänge),,cat,312+,jaus03,,,,47
soep-core,soep-core-2014-ju,47,jaus04,1311,Berufsausbildung (Lehre),,Apprenticeship,,cat,312+,jaus04,,,,47
soep-core,soep-core-2014-ju,47,jaus05,1311,Berufsfachschule oder Schule des Gesundheitswesens,,Full-time vocational school or health sector school,,cat,312+,jaus05,,,,47
soep-core,soep-core-2014-ju,47,jaus06,1311,"Praktikum, Volontariat",,"Internship, practical training",,cat,312+,jaus06,,,,47
soep-core,soep-core-2014-ju,47,jaus18,1311,Duales Studium / Berufsakademie,,Dual course of study / college of advanced vocational studies,,cat,312+,jaus18,,,,
soep-core,soep-core-2014-ju,47,jaus17,1311,Fachhochschulstudium / Universitätsstudium,,Technical college or university studies,,cat,312+,jaus17,,,,
soep-core,soep-core-2014-ju,47,jaus02a,1311,Regulär abgeschlossen [Berufsgrundschuljahr / Berufsvorbereitungsjahr],,Completed within regular schedule [Basic occupational training year (Berufsgrundbildungsjahr) / occupational preparation year (Berufsvorbereitungsjahr)],,cat,1+,jaus02a,47:jaus02=2,,"Filter:
ASK ONLY IF Q4701 : JAUS XX 1 ST=1 & SC=2
",47_1
soep-core,soep-core-2014-ju,47,jaus03a,1311,Regulär abgeschlossen [Berufliche Eingliederungslehrgänge],,Completed within regular schedule [Occupational integration courses (Berufliche Eingliederungslehrgänge)],,cat,1+,jaus03a,47:jaus03=2,,"Filter:
ASK ONLY IF Q4701 : JAUS XX 1 ST=2 & SC=2
",47_2
soep-core,soep-core-2014-ju,47,jaus04a,1311,Regulär abgeschlossen [Berufsausbildung (Lehre)],,Completed within regular schedule [Apprenticeship],,cat,1+,jaus04a,47:jaus04=2,,"Filter:
ASK ONLY IF Q4701 : JAUS XX 1 ST=3 & SC=2
",47_3
soep-core,soep-core-2014-ju,47,jaus05a,1311,Regulär abgeschlossen [Berufsfachschule oder Schule des Gesundheitswesens],,Completed within regular schedule [Full-time vocational school or health sector school],,cat,1+,jaus05a,47:jaus05=2,,"Filter:
ASK ONLY IF Q4701 : JAUS XX 1 ST=4 & SC=2
",47_4
soep-core,soep-core-2014-ju,47,jaus06a,1311,"Regulär abgeschlossen [Praktikum, Volontariat]",,"Completed within regular schedule [Internship, practical training]",,cat,1+,jaus06a,47:jaus06=2,,"Filter:
ASK ONLY IF Q4701 : JAUS XX 1 ST=5 & SC=2
",47_5
soep-core,soep-core-2014-ju,47,jaus18a,1311,Regulär abgeschlossen [Duales Studium / Berufsakademie],,Completed within regular schedule [Dual course of study / college of advanced vocational studies],,cat,1+,jaus18a,47:jaus18=2,,,
soep-core,soep-core-2014-ju,47,jaus17a,1311,Regulär abgeschlossen [Fachhochschulstudium / Universitätsstudium],,Completed within regular schedule [Technical college or university studies],,cat,1+,jaus17a,47:jaus17=2,,,
soep-core,soep-core-2014-ju,48,,1242,Streben Sie in der Zukunft einen beruflichen Ausbildungsabschluss oder Hochschulabschluss an?,,Do you intend to complete vocational / occupational training or attain a university degree in the future?,,cat,299+,jaus07,,3 @ 50,"Routing:
*IF [Q48000,3] **GOTO BLOCK 5000
",48
soep-core,soep-core-2014-ju,49,,1243,Welchen der folgenden Ausbildungsabschlüsse streben Sie an?,Mehrere Nennnungen möglich!,Which of the following qualifications do you plan to attain?,Please mark all that apply!,txt,,,48;jaus07=1:2,,Art angestrebter Ausbildungsabschluss,49
soep-core,soep-core-2014-ju,49,jaus08,1243,Abschluss einer Lehre,,Completed apprenticeship,,bin,,jaus08,,,,49
soep-core,soep-core-2014-ju,49,jaus09,1243,Berufsfachschule oder Schule des Gesundheitswesens,,Full-time vocational school or health school,,bin,,jaus09,,,,49
soep-core,soep-core-2014-ju,49,jaus10,1243,"Fachschule (z.B. Meister-, Technikerschule)",,Higher level trade and technical school,,bin,,jaus10,,,,49
soep-core,soep-core-2014-ju,49,jaus11,1243,Beamtenausbildung,,Civil servant education,,bin,,jaus11,,,,49
soep-core,soep-core-2014-ju,49,jaus12,1243,Anerkannte Berufsakademie,,Accredited career training academy,,bin,,jaus12,,,,49
soep-core,soep-core-2014-ju,49,jaus13,1243,Fachhochschule,,University of applied science,,bin,,jaus13,,,,49
soep-core,soep-core-2014-ju,49,jaus14,1243,Universität,,University,,bin,,jaus14,,,,49
soep-core,soep-core-2014-ju,50,,1244,In welchem Alter spätestens wollen Sie wirtschaftlich auf eigenen Beinen stehen?,,At what age do you wosh to be financially independent?,,txt,,,,,"Researcher Notes:
Option ""Im Alter von"" keine Option zum ankreuzen, somit kein Wert in den Daten vorhanden.
**Option ""Stehe bereits heute auf eigenen Beinen"" hat Code 1.
",50
soep-core,soep-core-2014-ju,50,jaus15,1244,Im Alter von . . . Jahren,,At the age of …,,int,,jaus15,,,"Filter:
ASK ONLY IF Q5001 : JAUS16=1
",50
soep-core,soep-core-2014-ju,50,jaus16,1244,Stehe bereits heute wirtschaftlich auf eigenen Beinen,,I am already financially independent.,,bin,,jaus16,,,,50
soep-core,soep-core-2014-ju,51,,985,"Wissen Sie schon, welchen Beruf Sie ergreifen möchten?",,Do do have a career aspiration?,,cat,314+,jber01,,3 @ 54,"Routing:
*IF [Q51000,3] *GOTO 54000
",51
soep-core,soep-core-2014-ju,52,,1245,"Welcher Beruf ist das?
Bitte nennen Sie uns möglichst die genaue Bezeichnung Ihres angestrebten Berufs.",,What kind of occupation is that? Please state as exact as possible.,,chr,,jber02,51;jber01=1:2,,Nennung Berufswunsch,52
soep-core,soep-core-2014-ju,53,,1246,Für wie gut halten Sie sich gegenwärtig im Hinblick auf Ihren angestrebten Beruf informiert?,,What do you think? How well informed are you about that occupation?,,cat,315+,jber03,,,,53
soep-core,soep-core-2014-ju,54,,1247,Inwieweit stimmen Sie den folgenden Aussagen zu Ihrer Berufswahl zu?,Bitte ein Kreuz pro Zeile!,To what extent do you agree with the following statements regarding your choice of occupation?,Please state one entry per row!,txt,,,,,"Researcher Notes:
Statement 1 = JBER04
**Statement 2 = JBER05
**Statement 3 = JBER06
**Statement 4 = JBER07
",54
soep-core,soep-core-2014-ju,54,jber04,1247,Bei meiner Berufswahl haben die Vorschläge meiner Eltern großes Gewicht,,My parents helped with choice of occupation,,cat,256+,jber04,,,,54
soep-core,soep-core-2014-ju,54,jber05,1247,"Mir geht es nicht darum, den einzig richtigen Beruf zu finden. Ich lasse einfach auf mich zukommen, was sich bietet",,My goal is it to take things as they come,,cat,256+,jber05,,,,54
soep-core,soep-core-2014-ju,54,jber06,1247,"Ich habe mich lange mit verschiedenen beruflichen Möglichkeiten beschäftigt, um eine richtige Entscheidung zu treffen",,I took a while to get informed and to take the right decision,,cat,256+,jber06,,,,54
soep-core,soep-core-2014-ju,54,jber07,1247,"Ich bin noch dabei herauszufinden, wo meine Fähigkeiten liegen und welche Berufe für mich die richtigen sein könnten",,I am still trying to find out what my talents are and which occupation is right for me,,cat,256+,jber07,,,,54
soep-core,soep-core-2014-ju,55,,1312,"Für die Arbeit und die Wahl des Berufs können einem unterschiedliche Dinge wichtig sein.
Bitte geben Sie für jeden der folgenden Punkte an, ob er für Sie bei der Berufswahl sehr wichtig, wichtig, weniger wichtig oder ganz und gar unwichtig ist.
Wie wichtig ist für Ihre Berufswahl …",,"Different things may be important to people in choosing a career. Please state how important each of the following is to you—very important, important, not so important, completely unimportant. How important for your career is....",,txt,,,,,"Researcher Notes:
Statement 1 = JBER08
**Statement 2 = JBER09
**Statement 3 = JBER10
**Statement 4 = JBER11
**Statement 5 = JBER12
**Statement 6 = JBER13
**Statement 7 = JBER14
**Statement 8 = JBER15
**Statement 9 = JBER16
**Statement 10 = JBER17
**Statement 11 = JBER18
**Statement 12 = JBER19
",55
soep-core,soep-core-2014-ju,55,jber08,1312,eine sichere Berufsstellung?,,a secure job?,,cat,134+,jber08,,,,55
soep-core,soep-core-2014-ju,55,jber09,1312,ein hohes Einkommen?,,a high income?,,cat,134+,jber09,,,,55
soep-core,soep-core-2014-ju,55,jber10,1312,gute Aufstiegsmöglichkeiten?,,good chances of promotion?,,cat,134+,jber10,,,,55
soep-core,soep-core-2014-ju,55,jber11,1312,"ein Beruf, der anerkannt und geachtet wird?",,"a respected, recognized career?",,cat,134+,jber11,,,,55
soep-core,soep-core-2014-ju,55,jber12,1312,"ein Beruf, der einem viel Freizeit lässt?",,a job that leaves a lot of free time?,,cat,134+,jber12,,,,55
soep-core,soep-core-2014-ju,55,jber13,1312,eine interessante Tätigkeit?,,"an interesting job, career?",,cat,134+,jber13,,,,55
soep-core,soep-core-2014-ju,55,jber14,1312,"eine Tätigkeit, bei der man selbständig arbeiten kann?",,a job that allows you to work independently?,,cat,134+,jber14,,,,55
soep-core,soep-core-2014-ju,55,jber15,1312,viel Kontakt zu anderen Menschen?,,a job that provides a lot of contact with other people?,,cat,134+,jber15,,,,55
soep-core,soep-core-2014-ju,55,jber16,1312,"ein Beruf, der für die Gesellschaft wichtig ist?",,a job that's important for society?,,cat,134+,jber16,,,,55
soep-core,soep-core-2014-ju,55,jber17,1312,sichere und gesunde Arbeitsbedingungen?,,a job with good health and safety conditions?,,cat,134+,jber17,,,,55
soep-core,soep-core-2014-ju,55,jber18,1312,"ein Beruf, der einem genügend Zeit für familiäre Verpflichtungen lässt?",,a job that leaves time for family commitments?,,cat,134+,jber18,,,,55
soep-core,soep-core-2014-ju,55,jber19,1312,"ein Beruf, bei dem man anderen Menschen helfen kann?",,a job where you can help others?,,cat,134+,jber19,,,,55
soep-core,soep-core-2014-ju,56,,1119,Wie würden Sie Ihren gegenwärtigen Gesundheitszustand beschreiben?,,How would you describe your current health?,,cat,108+,jges,,,,56
soep-core,soep-core-2014-ju,57,,1249,Was ist Ihre Körpergröße in cm?,"Wenn Sie es nicht genau wissen, schätzen Sie bitte.",How tall are you? (cm),"If you don't know, please estimate.",txt,,,,,,57
soep-core,soep-core-2014-ju,57,jgr,1249,cm,,cm,,int,,jgr,,,,57
soep-core,soep-core-2014-ju,58,,1250,Wieviel Kilogramm wiegen Sie gegenwärtig?,"Wenn Sie es nicht genau wissen, schätzen Sie bitte.",How many kilograms do you currently weigh?,"If you don't know, please estimate.",txt,,,,,,58
soep-core,soep-core-2014-ju,58,jkilo,1250,kg,,kg,,int,,jkilo,,,,58
soep-core,soep-core-2014-ju,59_0,,990,Zukunft,,Future,,txt,,,,,,59
soep-core,soep-core-2014-ju,59,,1291,"Wenn Sie sich einmal Ihre berufliche und private Zukunft vorstellen:
Wie wahrscheinlich ist es, dass die folgenden Entwickungen eintreten werden?

Stufen Sie bitte jeweils die Wahrscheinlichkeit auf einer Skala ein, die von 0 Prozent bis 100 Prozent geht.

Wie wahrscheinlich ist es, dass Sie ...",Bitte ein Kreuz pro Zeile!,"How likely is it that you will experience the following career changes? Please estimate the probability on a scale of 0 to 100, with 0 meaning that such a change
definitely will not take place, and 100 meaning that such a change definitely will take place. How likely is it that you …",Please state one entry per row!,txt,,,,,"Researcher Notes:
Statement 1 = JZUK01
**Statement 2 = JZUK02
**Statement 3 = JZUK03
**Statement 4 = JZUK04
**Statement 5 = JZUK05
**Statement 6 = JZUK06
**Statement 7 = JZUK07
**Statement 8 = JZUK08
**Statement 9 = JZUK09
**Statement 10 = JZUK10
**Statement 11 = JZUK11
**Statement 12 = JZUK12
",59
soep-core,soep-core-2014-ju,59,jzuk01,1291,einen Ausbildungs- oder Studienplatz für Ihren gewünschten Beruf bekommen?,,get an appreticeship or a place for study,,cat,385+,jzuk01,,,,59
soep-core,soep-core-2014-ju,59,jzuk02,1291,Ihre Ausbildung oder Ihr Studium erfolgreich abschließen?,,complete training / get university degree,,cat,385+,jzuk02,,,,59
soep-core,soep-core-2014-ju,59,jzuk03,1291,in Ihrem angestrebten Beruf auch einen Arbeitsplatz finden?,,find a job,,cat,385+,jzuk03,,,,59
soep-core,soep-core-2014-ju,59,jzuk04,1291,beruflich erfolgreich sein und weiterkommen werden?,,are successfull in your career,,cat,385+,jzuk04,,,,59
soep-core,soep-core-2014-ju,59,jzuk05,1291,längere Zeit arbeitslos werden?,,become unemployed for a longer period of time,,cat,385+,jzuk05,,,,59
soep-core,soep-core-2014-ju,59,jzuk06,1291,"aus familiären Gründen, z.B. Kindererziehung, beruflich zurückstecken?",,slow down professionally because of family matters,,cat,385+,jzuk06,,,,59
soep-core,soep-core-2014-ju,59,jzuk07,1291,sich selbständig machen bzw. freiberuflich tätig werden?,,become self-employed,,cat,385+,jzuk07,,,,59
soep-core,soep-core-2014-ju,59,jzuk08,1291,einmal im Ausland arbeiten werden?,,work in a foreign country,,cat,385+,jzuk08,,,,59
soep-core,soep-core-2014-ju,59,jzuk09,1291,einmal heiraten werden?,,will marry,,cat,385+,jzuk09,,,,59
soep-core,soep-core-2014-ju,59,jzuk10,1291,mit einer Partnerin / einem Partner unverheiratet zusammenleben werden?,,live together with your partner,,cat,385+,jzuk10,,,,59
soep-core,soep-core-2014-ju,59,jzuk11,1291,ein Kind haben werden?,,have a child,,cat,385+,jzuk11,,,,59
soep-core,soep-core-2014-ju,59,jzuk12,1291,mehrere Kinder haben werden?,,have more than one child,,cat,385+,jzuk12,,,,59
soep-core,soep-core-2014-ju,60_0,,992,Ihre Herkunft,,Your origin,,txt,,,,,,
soep-core,soep-core-2014-ju,60,,993,In welchem Jahr und in welchem Monat sind Sie geboren?,,What is your year and month of birth?,,txt,,,,,,60
soep-core,soep-core-2014-ju,60,jgeb,993,Jahr,,Year,,int,,jgeb,,,"Researcher Notes:
Maximum: 1900
",60
soep-core,soep-core-2014-ju,60,jgebmo,993,Monat,,Month,,int,,jgebmo,,,"Researcher Notes:
Maximum: 12
",60
soep-core,soep-core-2014-ju,61,,1313,"In welchem Ort sind Sie geboren?
Bitte nennen Sie bei Orten, die es mehrmals gibt bzw. bei kleinen Orten den Namen der nahegelegenen Stadt mit. ","Tragen Sie bitte den Ortsnamen in das linke Feld und ggf. die Zusatzangabe in das rechte Feld. 
Z. B. „Düsseldorf“, „Frankfurt an der Oder“, „Frankfurt am Main“ in das linke Feld und im Fall von „Roßdorf 
Bei Schmalkalden“, tragen Sie „Roßdorf“ in das linke und „bei Schmalkalden“ in das rechte Feld ein. 
Bitte verfahren Sie auch entsprechend bei Geburtsorten, die nicht in Deutschland liegen. ","What city or town were you born in? If there is more than one town with the same name, please also state the name of the nearest city.","Please write the name of the town in the left blank and any additional information in the right blank. For example, write ""Düsseldorf,"" ""Frankfurt an der Oder,"" ""Frankfurt am Main,"" in the left blank and in the case of ""Roßdorf bei Schmalkalden,, write ""Roßdorf"" in the left and ""bei Schmalkalden"" in the right blank. Please do the same for birthplaces outside Germany.",txt,,,,,,
soep-core,soep-core-2014-ju,61,jgebort1,1313,[Ortsname],,[Name of town/city],,chr,,jgebort1,,,,
soep-core,soep-core-2014-ju,61,jgebort2,1313,[Ortsname Zusatzangabe],,[Additional information to name of town/city],,chr,,jgebort2,,,,
soep-core,soep-core-2014-ju,62,,994,Sind Sie in Deutschland geboren?,,Are you born in Germany?,,cat,1+,jsta1,,1 @ 67,"Routing:
*IF [Q61000,2] *GOTO 65000
",61
soep-core,soep-core-2014-ju,63,,995,In welchem Land sind Sie geboren?,Bitte heutige Bezeichnung eintragen!,What country were you born in?,Please state the current name of the country!,chr,,jsta2,62;jsta1=2,,Land Geburt,62
soep-core,soep-core-2014-ju,64,,1252,Wann sind Sie in die Bundesrepublik Deutschland zugezogen?,,When did you move to Germany?,,txt,,,,,"Researcher Notes:
Maximum: 2011
",63
soep-core,soep-core-2014-ju,64,jzug01,1252,Jahr,,Year,,int,,jzug01,,,,63
soep-core,soep-core-2014-ju,65,,1314,"Für den Zuzug nach Deutschland gibt es unterschiedliche rechtliche Grundlagen.
Wie war das bei Ihnen, welchen Status haben Sie damals bei Ihrer Einreise nach Deutschland gehabt?",,Which of the following immigrant categories did you belong to when you moved to Germany?,,cat,403+,jzug02,,,,64
soep-core,soep-core-2014-ju,66,,1315,Bei der nächsten Frage geht es um Ihre Kenntnisse in der deutschen Sprache.,,The next question is about your knowledge of the German language.,,txt,,,,,,
soep-core,soep-core-2014-ju,66,jmusp2,1315,Sprechen [Wie gut können Sie jetzt die deutsche Sprache ...],,Speaking [How well do you know German?],,cat,362+,jmusp2,,,,73_1
soep-core,soep-core-2014-ju,66,jmusp3,1315,Schreiben  [Wie gut können Sie jetzt die deutsche Sprache …],,Writing [How well do you know German?],,cat,362+,jmusp3,,,,73_2
soep-core,soep-core-2014-ju,66,jmusp6,1315,Lesen [Wie gut können Sie jetzt die deutsche Sprache …],,Reading [How well do you know German?],,cat,362+,jmusp6,,,,73_3
soep-core,soep-core-2014-ju,66,jspzug1,1315,Sprechen [Wie gut konnten sie vor Ihrem Zuzug nach Deutschland die deutsche Sprache...],,Speaking [How well do you know the language of your native country / your parents' language?],,cat,362+,jspzug1,,,,73_4
soep-core,soep-core-2014-ju,66,jspzug2,1315,Schreiben [Wie gut konnten sie vor Ihrem Zuzug nach Deutschland die deutsche Sprache...],,Writing [How well do you know the language of your native country / your parents' language?],,cat,362+,jspzug2,,,,73_5
soep-core,soep-core-2014-ju,66,jspzug3,1315,Lesen [Wie gut konnten sie vor Ihrem Zuszug nach Deutschland die deutsche Sprache...],,Reading [How well do you know the language of your native country / your parents' language?],,cat,362+,jspzug3,,,,73_6
soep-core,soep-core-2014-ju,67,,1125,Haben Sie heute die deutsche Staatsangehörigkeit?,,Do you have German citizenship today?,,cat,1+,jsta3,,2 @ 72,"Routing:
*IF [Q65000,2] **GOTO BLOCK 7000
",65
soep-core,soep-core-2014-ju,68,,1126,Haben Sie neben der deutschen eine zweite Staatsangehörigkeit?,,Do you have dual citizenship with another country in addition to Germany?,,cat,1+,jsta4,67;jsta3=1,,Zweite Staatsangehörigkeit,66
soep-core,soep-core-2014-ju,68,jsta4x,1126,[Ja] und zwar:,Bitte eintragen,[Yes]:,Please state!,chr,,jsta4x,68;jsta4=1,,Nennung zweite Staatsangehörigkeit,66
soep-core,soep-core-2014-ju,69,,1127,Haben Sie die deutsche Staatsangehörigkeit seit Geburt oder erst später erworben?,,Have you had German citizenship since birth or did you acquire it at a later date?,,cat,137+,jsta5,,1@74,"Routing:
*IF [Q67000,1] *GOTO 72000
",67
soep-core,soep-core-2014-ju,70,,1254,Welche Staatsangehörigkeit hatten Sie vorher?,Bitte eintragen!,What citizenship did you have before?,Please state!,chr,,jsta5x,69;jsta5=2,,Nennung vorherige Staatsangehörigkeit,68
soep-core,soep-core-2014-ju,71,,1255,Und in welchem Jahr haben Sie die deutsche Staatsangehörigkeit erworben?,,And in what year did you acquire German citizenship?,,txt,,,,,"Researcher Notes:
FILTER: Nach Beantwortung der Frage auf Q7200 springen
",69
soep-core,soep-core-2014-ju,71,jsta6,1255,Im Jahr,,Year:,,int,,jsta6,,!=““@ 74,,69
soep-core,soep-core-2014-ju,72,,1128,Welche Staatsangehörigkeit haben Sie?,,What is your country of citizenship?,,chr,,jnat,,,,70
soep-core,soep-core-2014-ju,73,,1316,Welchen Aufenthaltsstatus haben Sie derzeit?,,What is your current residency status?,,cat,404+,jstat,,,,
soep-core,soep-core-2014-ju,74,,1257,"Wo haben Sie den größten Teil Ihrer Kindheit bis zum 15. Lebensjahr verbracht?
War das...",,Where did you spend the majority of your childhood up to the age of 15? Was it ...,,cat,343+,jkh01,,,,74
soep-core,soep-core-2014-ju,75,,1008,Leben Sie heute noch in dieser Stadt oder dieser Gegend?,,Do you still live in the same city or area today?,,cat,320+,jkh02,,,,75
soep-core,soep-core-2014-ju,76,,1293,Haben oder hatten Sie Geschwister?,"Gemeint sind leibliche, Halb-, Stief- und Adoptivgeschwister.
Geben Sie uns bitte für jedes Ihrer Geschwister folgende Angaben (maximal acht Geschwister).Bitte beginnen Sie mit dem ältesten Geschwisterteil und fahren dem Alter nach fort, bis zum Jüngsten.
Geben Sie bitte auch an, ob Sie Ihre gesamte Kindheit - also bis zu Ihrem 15. Lebensjahr - mit dem jeweiligen Geschwister gemeinsam gelebt haben. ",Do you or did you have brothers and sisters?,"We are referring here to biological siblings, half-siblings, step-siblings, and adoptive siblings. Please provide the following information for each of your siblings (maximum of 8), from oldest to youngest. Please also state whether you lived with each sibling for your entire childhood, that is, up to the age of 15.",txt,,,,,,76
soep-core,soep-core-2014-ju,76,jbsanz,1293,Ja und zwar … Geschwister,,Yes. Please state number: … siblings,,int,,jbsanz,,,,76
soep-core,soep-core-2014-ju,76,jbsno,1293,Nein,,No,,bin,,jbsno,,1@77,,76
soep-core,soep-core-2014-ju,76,jbsj1,1293,Geburtsjahr,,Year of birth,,int,,jbsj1,,,,76
soep-core,soep-core-2014-ju,76,jbsmo1,1293,Monat,,Month,,int,,jbsmo1,,,,76
soep-core,soep-core-2014-ju,76,jbssex1,1293,Geschlecht,,Sex,,cat,398+,jbssex1,,,,76
soep-core,soep-core-2014-ju,76,jbsart1,1293,Art des Geschwisters,,Type of sibling,,cat,399+,jbsart1,,,,76
soep-core,soep-core-2014-ju,76,8,1293,Gesamte Kindheit – bis zu Ihrem 15. Lebensjahr – zusammengelebt?,,Did you live together throughout your entire childhood?,,txt,,,,,,76
soep-core,soep-core-2014-ju,76,jbs15j1,1293,Ja,,Yes,,bin,,jbs15j1,,,,76
soep-core,soep-core-2014-ju,76,jbs15n1,1293,"Nein, nur … Jahre",,"No, only … years",,int,,jbs15n1,,,,76
soep-core,soep-core-2014-ju,77,,1259,Wie viele von Ihren ersten 15 Lebensjahren haben Sie bei den folgenden Personen gelebt?,"Bitte auf ganze Jahre runden!
(Hinweis: Adoptiveltern gelten wie leibliche Eltern)",How many years of your childhood (up to the age of 15) did you live with the following persons?,Please round off to the nearest full year! (Note: adoptive parents count as biological parents),txt,,,,,"Researcher Notes:
Antworten: numerische Werte
**Weitere Angabe in PAPI: Summe der Jahre (bitte prüfen!) > jedoch keine Variable
**1 = JKH03
**2 = JKH04
**3 = JKH05
**4 = JKH06
**5 = JKH07
**6 = JKH08
**7 = JKH09
**8 = JKH10
",77
soep-core,soep-core-2014-ju,77,jkh03,1259,Bei Ihren beiden (leiblichen) Eltern … Jahre,,With both of your (biological) parents … years,,int,,jkh03,,,,77
soep-core,soep-core-2014-ju,77,jkh04,1259,Bei Ihrer Mutter allein (ohne Partner) … Jahre,,With your mother without a (new) companion … years,,int,,jkh04,,,,77
soep-core,soep-core-2014-ju,77,jkh05,1259,Bei Ihrer Mutter mit (neuem) Partner … Jahre,,With your mother and her (new) companion … years,,int,,jkh05,,,,77
soep-core,soep-core-2014-ju,77,jkh06,1259,Bei Ihrem Vater allein (ohne Partnerin) … Jahre,,With your father without a (new) companion … years,,int,,jkh06,,,,77
soep-core,soep-core-2014-ju,77,jkh07,1259,Bei Ihrem Vater mit (neuer) Partnerin … Jahre,,With your father and her (new) companion … years,,int,,jkh07,,,,77
soep-core,soep-core-2014-ju,77,jkh08,1259,Bei anderen Verwandten … Jahre,,With other relatives … years,,int,,jkh08,,,,77
soep-core,soep-core-2014-ju,77,jkh09,1259,Bei Pflegeeltern … Jahre,,With foster parents … years,,int,,jkh09,,,,77
soep-core,soep-core-2014-ju,77,jkh10,1259,Im Heim … Jahre,,In an orphanage … years,,int,,jkh10,,,,77
soep-core,soep-core-2014-ju,77,11,1259,Summe der Jahre (bitte prüfen!) 15 Jahre,,Sum total of all years (please check!) 15 years,,txt,,,,,,77
soep-core,soep-core-2014-ju,78,,1260,Leben Ihr Vater und Ihre Mutter hier im Haushalt?,,Do your mother and father live in this household?,,cat,321+,jvm,,1 @ 88,"Researcher Notes:
Instruktion:
**if Q7600: JVM = 2,3 : Die folgenden Fragen 79-87 bitte nur für den Elternteil beantworten, der nicht im Haushalt lebt!
**if Q7600: JVM = 4: Die folgenden Fragen 79-87 bitte getrennt für Vater und Mutter beantworten!

Routing:
*IF [Q78000,1] *GOTO 88000
",78
soep-core,soep-core-2014-ju,79,,1261,"Lebt Ihr Vater / Ihre Mutter noch? Wenn ja, wo? Wenn verstorben, wann?",,"Is your father / mother still living? If so, where does he / she live? If not, when did he / she die?",,txt,,,,,,79
soep-core,soep-core-2014-ju,79,jv01,1261,Vater sofern nicht im Haushalt lebend,,"Father, if not living in the household",,cat,386+,jv01,78;jvm=3 | 4,,Wohnort Vater,79
soep-core,soep-core-2014-ju,79,jm01,1261,Mutter sofern nicht im Haushalt lebend,,"Mother, if not living in the household",,cat,386+,jm01,78;jvm=2 | 4,,,79
soep-core,soep-core-2014-ju,79,jv02,1261,"Ist verstorben, und zwar im Jahr:[Vater]",,Is deceased: died in the year [fahter],,int,,jv02,78;jvm=3 | 4,,Vater Jahr Verstorben,79
soep-core,soep-core-2014-ju,79,jm02,1261,"Ist verstorben, und zwar im Jahr: [Mutter]",,Is deceased: died in the year [mother],,int,,jm02,78;jvm=2 | 4,,Mutter Jahr Verstorben,79
soep-core,soep-core-2014-ju,80,,1262,In welchem Jahr wurde Ihr Vater / Ihre Mutter geboren?,,In waht year was your father/moter born?,,txt,,,,,,80
soep-core,soep-core-2014-ju,80,jv03,1262,[Vater],,[Father],,int,,jv03,78;jvm=3 | 4,,Geburtsjahr Vater,80
soep-core,soep-core-2014-ju,80,jm03,1262,[Mutter],,[Mother],,int,,jm03,78;jvm=2 | 4,,Geburtsjahr Mutter,80
soep-core,soep-core-2014-ju,81,,1263,Ist Ihr Vater / Ihre Mutter in Deutschland geboren?,,Was your father / mother born in Germany?,,txt,,,,,,81
soep-core,soep-core-2014-ju,81,jv03a,1263,Ja [Vater],,Yes [father],,bin,,jv03a,78;jvm=3 | 4,,Geburtsland Vater Deutschland,81
soep-core,soep-core-2014-ju,81,jm03a,1263,Ja [Mutter],,Yes [mother],,bin,,jm03a,78;jvm=2 | 4,,,81
soep-core,soep-core-2014-ju,81,jv03b,1263,Nein: Bitte Geburtsland angeben [Vater],,No: please state country of birth [father],,chr,,jv03b,81;jv03a!=1,,Geburtsland Vater,81
soep-core,soep-core-2014-ju,81,jm03b,1263,Nein: Bitte Geburtsland angeben [Mutter],,No: please state country of birth [mother],,chr,,jm03b,81;jm03a!=1,,Geburtsland Mutter Deutschland,81
soep-core,soep-core-2014-ju,82,,1264,Hat (bzw. hatte) Ihr Vater / Ihre Mutter die deutsche Staatsbürgerschaft?,,Does or did your father / mother have German citizenship?,,txt,,,,,,82
soep-core,soep-core-2014-ju,82,jv04,1264,[Vater],,[father],,cat,1+,jv04,78;jvm=3 | 4,,Staatsbürgerschaft Vater,82
soep-core,soep-core-2014-ju,82,jm04,1264,[Mutter],,[Mother],,cat,1+,jm04,78;jvm=2 | 4,,Staatsbürgerschaft Mutter,82
soep-core,soep-core-2014-ju,83,,1265,Welchen Schulabschluss hat Ihr Vater / Ihre Mutter erworben?,,What level of secondary schooling did your father / mother complete?,,txt,,,,,,83
soep-core,soep-core-2014-ju,83,jv05,1265,[Vater],,[father],,cat,345+,jv05,78;jvm=3 | 4,,Schulabschluss Vater,83
soep-core,soep-core-2014-ju,83,jm05,1265,[Mutter],,[Mother],,cat,345+,jm05,78;jvm=2 | 4,,Schulabschluss Mutter,83
soep-core,soep-core-2014-ju,84,,1266,Hat Ihr Vater / Ihre Mutter eine berufliche Ausbildung oder ein Studium abgeschlossen?,,Did your father / mother complete vocational training or a university degree?,,txt,,,,,,84
soep-core,soep-core-2014-ju,84,jv06,1266,[Vater],,[father],,cat,97+,jv06,78;jvm=3 | 4,,Ausbildungsabschluss Vater,84
soep-core,soep-core-2014-ju,84,jm06,1266,[Mutter],,[Mother],,cat,97+,jm06,78;jvm=2 | 4,,Ausbildungsabschluss Mutter,84
soep-core,soep-core-2014-ju,85,,1267,Falls zutreffend: Welche berufliche Tätigkeit übt Ihr Vater / Ihre Mutter aus bzw. hat Ihr Vater / Ihre Mutter zuletzt ausgeübt?,Bitte genaue Berufsbezeichnung angeben.,What was your father’s / mother’s last occupation?,"Please state the specific occupational title!
",txt,,,,,,85
soep-core,soep-core-2014-ju,85,jv07,1267,Vater,,Father,,chr,,jv07,78;jvm=3 | 4,,Berufstätigkeit Vater,85
soep-core,soep-core-2014-ju,85,jm07,1267,Mutter,,Mother,,chr,,jm07,78;jvm=2 | 4,,Berufstätigkeit Mutter,85
soep-core,soep-core-2014-ju,86,,1268,In welcher beruflichen Stellung ist Ihr Vater / Ihre Mutter bzw. war Ihr Vater / Ihre Mutter zuletzt tätig?,,Which of the following categories describes your father’s / mother’s last occupational status?,,txt,,,,,,86
soep-core,soep-core-2014-ju,86,jv08,1268,Arbeiter (auch in der Landwirtschaft) [Vater],,Blue-collar worker (Arbeiter) (also in agriculture [father],,cat,387+,jv08,78;jvm=3 | 4,,,85
soep-core,soep-core-2014-ju,86,jm08,1268,Arbeiter (auch in der Landwirtschaft) [Mutter],,Blue-collar worker (Arbeiter) (also in agriculture [mother],,cat,387+,jm08,78;jvm=2 | 4,,Berufliche Stellung Mutter: Arbeiter,86_1
soep-core,soep-core-2014-ju,86,jv09,1268,Angestellte [Vater],,White-collar worker (Angestellte) [father],,cat,388+,jv09,78;jvm=3 | 4,,,85
soep-core,soep-core-2014-ju,86,jm09,1268,Angestellte [Mutter],,White-collar worker (Angestellte) [mother],,cat,388+,jm09,78;jvm=2 | 4,,Berufliche Stellung Mutter: Angestellte,86_1
soep-core,soep-core-2014-ju,86,jv10,1268,Beamte / Staatsverwaltung (einschl. Richter und Berufssoldaten) [Vater],,Civil servant or public administration employee (including judges and professional soldier) [father],,cat,79+,jv10,78;jvm=3 | 4,,,85
soep-core,soep-core-2014-ju,86,jm10,1268,Beamte / Staatsverwaltung (einschl. Richter und Berufssoldaten) [Mutter],,Civil servant or public administration employee (including judges and professional soldier) [mother],,cat,79+,jm10,78;jvm=2 | 4,,Berufliche Stellung Mutter: Beamte / Staatsverwaltung,86_1
soep-core,soep-core-2014-ju,86,jv11,1268,Selbstständige (einschl. mithelfender Familienangehöriger) [Vater],,Self-employed (including family members working for the self-employe) [father],,cat,389+,jv11,78;jvm=3 | 4,,,85
soep-core,soep-core-2014-ju,86,jm11,1268,Selbstständige (einschl. mithelfender Familienangehöriger) [Mutter],,Self-employed (including family members working for the self-employe) [mother],,cat,389+,jm11,78;jvm=2 | 4,,Berufliche Stellung Mutter: Selbständige,86_1
soep-core,soep-core-2014-ju,86,jv12,1268,War nie erwerbstätig [Vater],,Was not economically active [father],,bin,,jv12,78;jvm=3 | 4,,berufl. Stellung Vater: Nie Erwerbstätig,85
soep-core,soep-core-2014-ju,86,jm12,1268,War nie erwerbstätig [Mutter],,Was not economically active [mother],,bin,,jm12,78;jvm=2 | 4,,berufl. Stellung Mutter: Nie Erwerbstätig,86_1
soep-core,soep-core-2014-ju,87,,1269,Gehören bzw. gehörten Ihr Vater / Ihre Mutter einer Kirche oder Religionsgemeinschaft an? Ja und zwar...,,Does / did your father / mother belong to a church or religious group?,,txt,,,,,,87
soep-core,soep-core-2014-ju,87,jv13,1269,[Vater],,[father],,cat,390+,jv13,78;jvm=3 | 4,,Religion Vater,87
soep-core,soep-core-2014-ju,87,jm13,1269,[Mutter],,[Mother],,cat,390+,jm13,78;jvm=2 | 4,,Religion Mutter,87
soep-core,soep-core-2014-ju,88,,1270,"Glauben Sie, dass man eine Partnerin / einen Partner braucht, um wirklich glücklich zu sein, oder glauben Sie, man kann alleine genauso glücklich oder glücklicher leben?",,Do you think a partner is necessary to be happyin life? Or can one also be happy alone?,,cat,391+,jpart,,,,88
soep-core,soep-core-2014-ju,89,,1271,"Glauben Sie, dass man eigene Kinder braucht, um wirklich glücklich zu sein, oder glauben Sie, man kann ohne ein eigenes Kind genauso glücklich oder glücklicher leben?",,Do you think own children are necessary to be happy in life?,,cat,350+,jkind,,,,89
soep-core,soep-core-2014-ju,90,,1317,"Wovon hängt es Ihrer Meinung nach in Deutschland tatsächlich ab, ob jemand Erfolg hat und sozial aufsteigt?
Bitte geben Sie zu jeder der folgenden Aussage an, in welchem Maße Sie ihr zustimmen.",Bitte ein Kreuz pro Zeile!,What do you think is important in Germany to be successful and climb the social ladder? Please state to what extent you agree with each statement below.,Please make one X per row!,txt,,,,,"Researcher Notes:
Statement 1 = JERF01
**Statement 2 = JERF02
**Statement 3 = JERF03
**Statement 4 = JERF04
**Statement 5 = JERF05
**Statement 6 = JERF06
**Statement 7 = JERF07
**Statement 8 = JERF08
**Statement 9 = JERF09
**Statement 10 = JERF10
**Statement 11 = JERF11
**Statement 12 = JERF12
",90
soep-core,soep-core-2014-ju,90,jerf01,1317,Man muss sich anstrengen und fleißig sein,,You have to be hardworking and industrious,,cat,256+,jerf01,,,,90
soep-core,soep-core-2014-ju,90,jerf02,1317,Man muss andere ausnutzen,,You have to exploit others,,cat,256+,jerf02,,,,90
soep-core,soep-core-2014-ju,90,jerf03,1317,Man muss begabt und intelligent sein,,You have to be talented and intelligent,,cat,256+,jerf03,,,,90
soep-core,soep-core-2014-ju,90,jerf04,1317,Man muss aus der richtigen Familie stammen,,You have to have the right family background,,cat,256+,jerf04,,,,90
soep-core,soep-core-2014-ju,90,jerf05,1317,Man muss gute Fachkenntnisse auf seinem Spezialgebiet haben,,You have to have expertise in a specialized field,,cat,256+,jerf05,,,,90
soep-core,soep-core-2014-ju,90,jerf06,1317,Man muss Geld und Vermögen haben,,You have to have money and assets,,cat,256+,jerf06,,,,90
soep-core,soep-core-2014-ju,90,jerf07,1317,Man muss einen möglichst guten Schulabschluss haben,,You have to get good grades in school,,cat,256+,jerf07,,,,90
soep-core,soep-core-2014-ju,90,jerf08,1317,Man muss rücksichtslos und hart sein,,You have to be tough and ruthless,,cat,256+,jerf08,,,,90
soep-core,soep-core-2014-ju,90,jerf09,1317,Man muss Beziehungen zu den richtigen Leuten haben,,You have to have connections to the right people,,cat,256+,jerf09,,,,90
soep-core,soep-core-2014-ju,90,jerf10,1317,Man muss sich auf der richtigen Seite politisch engagieren,,You have to be politically involved on the right side,,cat,256+,jerf10,,,,90
soep-core,soep-core-2014-ju,90,jerf11,1317,Man muss das „richtige“ Geschlecht haben; Männer haben bessere Aufstiegschancen,,You have to have the „right“ sex – men have better chances of succeeding than women,,cat,256+,jerf11,,,,90
soep-core,soep-core-2014-ju,90,jerf12,1317,Man muss dynamisch sein und Initiative haben,,You have to be dynamic and take the initiative,,cat,256+,jerf12,,,,90
soep-core,soep-core-2014-ju,91,,1318,"Wie schätzen Sie sich persönlich ein: 
Sind Sie im allgemeinen ein risikobereiter Mensch oder versuchen Sie, Risiken zu vermeiden?","Bitte kreuzen Sie ein Kästchen auf der folgenden Skala an, wobei der Wert 0 bedeutet: „gar nicht risikobereit“ und der Wert 10: „sehr risikobereit“. 
Mit den Werten dazwischen können Sie Ihre Einschätzung abstufen.",Are you generally a person who is willing to take risks or do you try to avoid taking risks?,"Please tick a box on the scale, where the value 0 means not at all willing to take risks and the value 10 means very willing to take risks",cat,392+,jrisk,,,,91
soep-core,soep-core-2014-ju,92,,1319,"Die folgenden Aussagen kennzeichnen verschiedene Einstellungen zum Leben und zur Zukunft. 
Bitte sagen Sie uns, inwieweit Sie jeweils zustimmen.","Antworten Sie bitte wieder anhand der folgenden Skala. 
Der Wert 1 bedeutet: stimme überhaupt nicht zu. 
Der Wert 7 bedeutet: stimme voll zu. 
Mit den Werten zwischen 1 und 7 können Sie Ihre Meinung abstufen.",The following statements reflect different attitudes towards life and the future. To what degree to you personally agree with the following statements?,"Please answer on the following scale from, where 1 means ""I disagree completely"", and 7 meaning ""I agree completely"".",txt,,,,,"Researcher Notes:
Statement 1 = JZU01
**Statement 2 = JZU02
**Statement 3 = JZU03
**Statement 4 = JZU04
**Statement 5 = JZU05
**Statement 6 = JZU06
**Statement 7 = JZU07
**Statement 8 = JZU08
**Statement 9 = JZU09
**Statement 10 = JZU10
**Statement 11 = JZU11
**Statement 12 = JZU12
**Statement 13 = JZU13
**Statement 14 = JZU14
**Statement 15 = JZU15
",92
soep-core,soep-core-2014-ju,92,jzu01,1319,"Wie mein Leben verläuft, hängt von mir selbst ab",,How my life goes depends on me,,cat,393+,jzu01,,,,92
soep-core,soep-core-2014-ju,92,jzu02,1319,"Im Vergleich mit anderen habe ich nicht das erreicht, was ich verdient hätte",,"Compared to other people, I have not achieved what I deserve",,cat,393+,jzu02,,,,92
soep-core,soep-core-2014-ju,92,jzu03,1319,"Was man im Leben erreicht, ist in erster Linie eine Frage von Schicksal oder Glück",,What a person achieves in life is above all a question of fate or luck,,cat,393+,jzu03,,,,92
soep-core,soep-core-2014-ju,92,jzu04,1319,"Ich mache häufig die Erfahrung, dass andere über mein Leben bestimmen",,I frequently have the experience that other people have a controlling influence over my life,,cat,393+,jzu04,,,,92
soep-core,soep-core-2014-ju,92,jzu05,1319,Erfolg muss man sich hart erarbeiten,,You have to work hard to succeed,,cat,393+,jzu05,,,,92
soep-core,soep-core-2014-ju,92,jzu06,1319,"Wenn ich im Leben auf Schwierigkeiten stoße, zweifle ich oft an meinen Fähigkeiten",,"When I run up against difficulties in life, I often doubt my own abilities",,cat,393+,jzu06,,,,92
soep-core,soep-core-2014-ju,92,jzu07,1319,"Welche Möglichkeiten ich im Leben habe, wird von den sozialen Umständen bestimmt",,The opportunities that I have in life are determined by social conditions,,cat,393+,jzu07,,,,92
soep-core,soep-core-2014-ju,92,jzu08,1319,"Wichtiger als alle Anstrengungen sind die Fähigkeiten, die man mitbringt",,Innate abilities are more important than any efforts one can make,,cat,393+,jzu08,,,,92
soep-core,soep-core-2014-ju,92,jzu09,1319,"Ich habe wenig Kontrolle über die Dinge, die in meinem Leben passieren",,I have little control over the things that happen in my life,,cat,393+,jzu09,,,,92
soep-core,soep-core-2014-ju,92,jzu10,1319,"Wenn man sich sozial oder politisch engagiert, kann man die sozialen Verhältnisse beeinflussen",,"If a person is socially or politically active, he/she can have an effect on social conditions",,cat,393+,jzu10,,,,92
soep-core,soep-core-2014-ju,92,jzu11,1319,"Ich verzichte heute auf etwas, damit ich mir morgen mehr leisten kann",,I can give up something today to be able to afford more tomorrow.,,cat,393+,jzu11,,,,92
soep-core,soep-core-2014-ju,92,jzu12,1319,Im Allgemeinen kann man den Menschen vertrauen,,People can generally be trusted,,cat,393+,jzu12,,,,92
soep-core,soep-core-2014-ju,92,jzu13,1319,Heutzutage kann man sich auf niemanden mehr verlassen,,Nowadays you can't rely on anyone,,cat,393+,jzu13,,,,92
soep-core,soep-core-2014-ju,92,jzu14,1319,"Wenn man mit Fremden zu tun hat, ist es besser, vorsichtig zu sein, bevor man ihnen vertraut",,"When you are dealing with strangers, it is better to be cautious and not trust them right away",,cat,393+,jzu14,,,,92
soep-core,soep-core-2014-ju,92,jzu15,1319,Ich will lieber heute meinen Spaß haben und denke dabei nicht an morgen,,I prefer to have fun today and not think about tomorrow.,,cat,393+,jzu15,,,,92
soep-core,soep-core-2014-ju,93,,1320,"Hier sind unterschiedliche Eigenschaften, die eine Person haben kann. 
Wahrscheinlich werden einige Eigenschaften auf Sie persönlich voll zutreffen und andere überhaupt nicht. Bei wieder anderen sind Sie vielleicht unentschieden.

Ich bin jemand, der ...","Antworten Sie bitte anhand der folgenden Skala.
Der Wert 1 bedeutet: trifft überhaupt nicht zu.
Der Wert 7 bedeutet: trifft voll zu.
Mit den Werten zwischen 1 und 7 können Sie Ihre Meinung abstufen.","People can have many different qualities—some are listed below. You will probably think that some of these are completely true of you whereas others are not at all. And with some of them, you might not be sure. I am…","Please answer on a scale from 1 to 7, where 1 means „not true of me at all“, and 7 means „completely true of me“. ",txt,,,,,"Researcher Notes:
Statement 1 = JEGO01 
**Statement 2 = JEGO02 
**Statement 3 = JEGO03 
**Statement 4 = JEGO04 
**Statement 5 = JEGO05 
**Statement 6 = JEGO06 
**Statement 7 = JEGO07 
**Statement 8 = JEGO08 
**Statement 9 = JEGO09
**Statement 10 = JEGO10 
**Statement 11 = JEGO11 
**Statement 12 = JEGO12 
**Statement 13 = JEGO13 
**Statement 14 = JEGO14 
**Statement 15 = JEGO15 
**Statement 16 = JEGO16 
**Statement 17 = JEGO17
",93
soep-core,soep-core-2014-ju,93,jego01,1320,gründlich arbeitet,,a thorough worker.,,cat,53+,jego01,,,,93
soep-core,soep-core-2014-ju,93,jego02,1320,"kommunikativ, gesprächig ist",,communicative and talkative.,,cat,53+,jego02,,,,93
soep-core,soep-core-2014-ju,93,jego03,1320,manchmal etwas grob zu anderen ist,,sometimes a bit rude to others.,,cat,53+,jego03,,,,93
soep-core,soep-core-2014-ju,93,jego04,1320,"originell ist, neue Ideen einbringt",,"original, someone who comes up with new ideas.",,cat,53+,jego04,,,,93
soep-core,soep-core-2014-ju,93,jego05,1320,sich oft Sorgen macht,,a worrier.,,cat,53+,jego05,,,,93
soep-core,soep-core-2014-ju,93,jego06,1320,verzeihen kann,,forgiving.,,cat,53+,jego06,,,,93
soep-core,soep-core-2014-ju,93,jego07,1320,eher faul ist,,somewhat lazy.,,cat,53+,jego07,,,,93
soep-core,soep-core-2014-ju,93,jego08,1320,"aus sich herausgehen kann, gesellig ist",,"outgoing, sociable.",,cat,53+,jego08,,,,93
soep-core,soep-core-2014-ju,93,jego09,1320,"künstlerische, ästhetische Erfahrungen schätzt",,"someone who values artistic, aesthetic experiences.",,cat,53+,jego09,,,,93
soep-core,soep-core-2014-ju,93,jego10,1320,leicht nervös wird,,nervous.,,cat,53+,jego10,,,,93
soep-core,soep-core-2014-ju,93,jego11,1320,Aufgaben wirksam und effizient erledigt,,effective and efficient in completing tasks.,,cat,53+,jego11,,,,93
soep-core,soep-core-2014-ju,93,jego12,1320,zurückhaltend ist,,reserved.,,cat,53+,jego12,,,,93
soep-core,soep-core-2014-ju,93,jego13,1320,rücksichtsvoll und freundlich mit anderen umgeht,,considerate and kind to others.,,cat,53+,jego13,,,,93
soep-core,soep-core-2014-ju,93,jego14,1320,"eine lebhafte Phantasie, Vorstellungen hat",,imaginative.,,cat,53+,jego14,,,,93
soep-core,soep-core-2014-ju,93,jego15,1320,"entspannt ist, mit Stress gut umgehen kann",,"relaxed, able to deal with stress.",,cat,53+,jego15,,,,93
soep-core,soep-core-2014-ju,93,jego16,1320,wissbegierig ist,,eager for knowledge.,,cat,53+,jego16,,,,93
soep-core,soep-core-2014-ju,93,jego17,1320,eine positive Einstellung zu sich selbst hat,,someone with a positive attitude toward myself.,,cat,53+,jego17,,,,93
soep-core,soep-core-2014-ju,94,,1321,"Ich lese Ihnen eine Reihe von Gefühlen vor. Geben Sie bitte jeweils an, wie häufig oder selten Sie dieses Gefühl in den letzten vier Wochen erlebt haben.

Wie oft haben Sie sich ...",,I will now read to you a number of feelings. Please state how often or rarely you have experienced each feeling within the last four weeks. How often have you felt …,,txt,,,,,"Researcher Notes:
Statement 1 = JGEF1 
**Statement 2 = JGEF2 
**Statement 3 = JGEF3 
**Statement 4 = JGEF4
",94
soep-core,soep-core-2014-ju,94,jgef1,1321,ärgerlich gefühlt?,,angry?,,cat,27+,jgef1,,,,94
soep-core,soep-core-2014-ju,94,jgef2,1321,ängstlich gefühlt?,,worried?,,cat,27+,jgef2,,,,94
soep-core,soep-core-2014-ju,94,jgef3,1321,glücklich gefühlt?,,happy?,,cat,27+,jgef3,,,,94
soep-core,soep-core-2014-ju,94,jgef4,1321,traurig gefühlt?,,sad?,,cat,27+,jgef4,,,,94
soep-core,soep-core-2014-ju,95,,1322,"Haben Sie während der letzten 7 Tage irgendeine bezahlte Arbeit ausgeübt, auch wenn dies nur für eine Stunde oder für wenige Stunden war?","Bitte antworten Sie auch mit „Ja“, wenn Sie in den letzten sieben Tagen normalerweise gearbeitet hätten, aber wegen Urlaub, Krankheit, schlechtem Wetter oder anderen Gründen zeitweise abwesend waren.","Have you done paid work during the last 7 days, even if only for an hour or a few hours?","Please also answer “yes” if you would normally have worked in the last 7 days,
but did not do so because of vacation, illness, bad weather, or other reasons.",cat,1+,j7tag,,,,95
soep-core,soep-core-2014-ju,96,,1150,Haben Sie innerhalb der letzten vier Wochen aktiv nach einer Stelle gesucht?,,Have you actively looked for work within the last four weeks?,,cat,1+,jnerw10,,,,96
soep-core,soep-core-2014-ju,97,,1323,Sind Sie zur Zeit bei der Agentur für Arbeit arbeitslos gemeldet?,,Are you officially registered unemployed at the Employment Office (Arbeitsamt)?,,cat,1+,jalo,,,,97
soep-core,soep-core-2014-ju,98,,1152,"Einmal ganz allgemein gesprochen:
Wie stark interessieren Sie sich für Politik?",,"Generally speaking, how interested are you in politics?",,cat,135+,jpol1,,,,98
soep-core,soep-core-2014-ju,99,,1278,"Viele Leute neigen längere Zeit einer bestimmten Partei zu, obwohl sie ab und zu eine andere Partei wählen.
Wie ist das bei Ihnen: Neigen Sie einer bestimmten Partei in Deutschland zu?",,"Many people in Germany lean towards one political party in the long term, even if they occasionally vote for another party or are not eligible to vote. Do you lean towards a particular political party?",,cat,1+,jpol2,,2 @ 101,"Routing:
*IF [Q99000,2] *GOTO 101000
",99
soep-core,soep-core-2014-ju,100,,1324,Welcher Partei neigen Sie zu?,,Which party do you lean towards?,,cat,405+,jpol3,99;jpol2=1,,Nennung Partei,100
soep-core,soep-core-2014-ju,100,jpolso,1324,[Andere] und zwar:,,[other]:,,chr,,jpolso,100;jpol3=8,,Nennung andere Partei,100
soep-core,soep-core-2014-ju,100,jpol4,1324,Und wie stark neigen Sie dieser Partei zu?,,And to what extent do you lean towards this party?,,cat,371+,jpol4,100:jpol4=1:27,,"Filter:
ASK ONLY IF Q10001 : JPOL3=1,2,3,4,5,6,7,8
",100
soep-core,soep-core-2014-ju,101,,1325,Zum Schluss möchten wir Sie noch nach Ihrer Zufriedenheit mit Ihrem Leben insgesamt fragen.,"Antworten Sie bitte anhand der folgenden Skala, bei der „0“ ganz und gar unzufrieden, „10“ ganz und gar zufrieden bedeutet.","In conclusion, we would like to ask you how satisfied you are with your life in general.","Please answer on a scale from 0 to 10,
where 0 means „completely dissatisfied“ and 10 means „completely satisfied“.",txt,,,,,,101
soep-core,soep-core-2014-ju,101,jzule1,1325,"Wie zufrieden sind Sie gegenwärtig, alles in allem, mit ihrem Leben?",,"How satisfied are you with your life, all things considered?",,cat,406+,jzule1,,,,101
soep-core,soep-core-2014-ju,A_0,,1024,Durchführung des Interviews,,Implementation of the interview,,txt,,,,,,
soep-core,soep-core-2014-ju,A,,1297,Welches Datum haben wir heute?,,What is the date today?,,txt,,,,,,A
soep-core,soep-core-2014-ju,A,jdatt,1297,Tag,,Day,,int,,jdatt,,,,A
soep-core,soep-core-2014-ju,A,jdatm,1297,Monat,,Month,,int,,jdatm,,,,A
soep-core,soep-core-2014-ju,A,jdatst,1297,Stunde,,Hour,,int,,jdatst,,,,A
soep-core,soep-core-2014-ju,A,jdatmi,1297,Minute,,Minute,,int,,jdatmi,,,,A
soep-core,soep-core-2014-ju,B,,1326,Wie wurde die Befragung durchgeführt?,,How was the interview conducted?,,cat,395+,jform,,,,B
soep-core,soep-core-2014-ju,C,,1283,Interviewdauer,,Duration of the interview:,,txt,,,,,,C
soep-core,soep-core-2014-ju,C,jdauer1,1283,Das mündliche Interview dauerte … Minuten,,The oral (complete or partial) interview lasted … minutes,,int,,jdauer1,,,,C
soep-core,soep-core-2014-ju,C,jdauer2,1283,Befragter brauchte zum Selbstausfüllen … Minuten,,The respondent needed … minutes to complete the questionnaire,,int,,jdauer2,,,,C
soep-core,soep-core-2014-ju,D,,1284,Waren beim Ausfüllen des Fragebogens weitere Personen anwesend?,,Where other people present during completing this questionnaire?,,cat,396+,janw,,,,D
soep-core,soep-core-2014-ju,E,,1327,Sonstige Hinweise:,,Other notes:,,chr,,jtext,,,,E
soep-core,soep-core-2014-ju,IN,,1328,,,,,txt,,,,,,
soep-core,soep-core-2014-ju,IN,listnr,1328,Listen-Nr,,List-number,,int,,listnr,,,,
soep-core,soep-core-2014-ju,IN,lfdnr,1328,Lfd. Nr.,,Consecutive number,,int,,lfdnr,,,,
soep-core,soep-core-2014-ju,IN,999,1328,Ich bestätige die korrekte Durchführung des Interviews:,,I confirm the correct implementation of the interview:,,txt,,,,,,
soep-core,soep-core-2014-ju,IN,jintnr,1328,Abrechnungs-Nummer,,Account number:,,int,,jintnr,,,,
